heartRate,oxygen,activity,label
90.3,96.2,67.3,0
92.7,96.6,71.9,0
93.2,96.4,67.2,0
91.6,95.7,75.9,0
90.8,96.1,68.1,0
93.3,96.1,69.4,0
90.2,96.5,73.4,0
91.7,96.4,82.3,0
90.0,96.0,67.5,0
92.0,96.8,71.0,0
89.1,95.8,74.8,0
92.3,96.5,68.2,0
91.2,96.3,72.7,0
92.5,96.4,75.0,0
90.9,96.4,74.7,0
87.8,96.1,69.2,0
89.4,96.1,79.1,0
89.0,96.8,63.2,0
90.0,96.4,74.5,0
92.1,96.7,69.9,0
89.7,96.7,70.7,0
88.1,95.7,67.0,0
91.6,96.4,75.1,0
89.7,96.4,74.8,0
89.9,96.5,68.3,0
89.8,96.1,65.7,0
91.5,96.1,71.7,0
91.5,96.5,75.0,0
90.3,96.1,71.3,0
87.1,95.6,65.1,0
88.5,96.5,67.1,0
89.7,97.0,69.9,0
91.9,95.9,70.7,0
88.5,96.2,75.9,0
87.0,96.6,72.9,0
89.2,95.6,72.1,0
89.3,96.5,71.8,0
93.6,96.3,66.6,0
90.7,96.5,78.5,0
92.0,96.6,79.0,0
87.9,96.1,67.1,0
89.5,95.7,74.9,0
89.8,95.7,66.7,0
90.9,96.8,81.7,0
96.1,96.6,66.8,0
86.0,96.5,67.7,0
89.4,96.1,71.1,0
92.3,96.5,71.0,0
88.1,95.6,69.3,0
90.1,97.3,72.4,0
92.1,96.2,65.9,0
88.2,96.1,82.4,0
88.5,96.9,67.3,0
92.0,96.6,71.0,0
90.0,96.1,74.0,0
89.2,95.8,65.4,0
90.4,97.3,72.6,0
89.8,96.6,78.3,0
90.5,96.3,77.4,0
90.9,97.2,72.7,0
87.5,95.8,80.1,0
93.4,96.4,69.9,0
92.9,95.9,67.4,0
91.2,96.3,71.8,0
89.6,96.7,78.9,0
90.1,96.8,61.6,0
89.8,96.1,65.8,0
88.1,96.3,76.4,0
87.2,96.5,69.5,0
89.2,97.0,74.6,0
92.5,96.5,68.4,0
89.4,96.7,72.8,0
87.6,96.6,73.0,0
94.8,97.5,67.6,0
89.2,95.8,68.9,0
90.4,97.2,68.3,0
88.4,95.5,71.1,0
87.6,96.3,67.5,0
89.5,95.7,64.6,0
93.9,95.9,66.4,0
93.3,98.0,66.1,0
88.9,96.8,80.6,0
87.7,96.5,75.8,0
90.5,96.4,71.3,0
86.8,96.5,70.6,0
90.0,96.3,74.3,0
91.6,96.7,73.7,0
89.7,96.6,68.4,0
90.2,96.6,82.4,0
92.7,96.8,68.2,0
87.3,97.2,73.3,0
90.4,95.8,76.6,0
90.4,96.1,69.6,0
90.0,96.7,70.5,0
89.2,96.5,72.8,0
92.4,95.4,70.8,0
89.8,96.8,70.2,0
85.9,96.8,80.7,0
86.3,97.1,70.4,0
89.2,96.1,70.4,0
99.6,98.4,49.2,0
96.6,99.1,43.0,0
99.5,98.5,54.7,0
99.5,99.5,52.5,0
94.8,98.6,43.0,0
96.9,99.4,52.1,0
96.6,98.1,49.0,0
95.5,98.3,50.4,0
100.3,98.9,37.4,0
98.6,98.6,51.0,0
101.2,97.6,45.9,0
99.2,97.8,56.3,0
98.7,99.0,46.0,0
99.6,99.2,50.1,0
98.4,98.8,44.6,0
97.7,98.6,50.8,0
100.0,98.1,48.3,0
100.9,98.3,44.8,0
98.4,99.1,49.0,0
100.6,99.1,53.1,0
99.1,99.8,47.9,0
94.0,99.5,46.6,0
98.2,99.3,40.9,0
95.5,97.9,45.0,0
98.9,98.9,50.3,0
95.2,97.5,49.2,0
97.0,98.9,52.4,0
98.3,99.1,50.1,0
99.1,98.3,48.0,0
98.4,99.1,47.0,0
99.0,98.6,48.4,0
99.7,97.7,42.5,0
95.0,97.5,45.6,0
99.5,98.6,49.9,0
100.2,99.4,48.6,0
100.7,98.7,44.8,0
96.8,98.0,44.5,0
97.3,99.1,57.6,0
95.2,98.9,43.8,0
99.0,98.7,39.8,0
99.9,98.4,46.3,0
95.9,98.4,51.1,0
97.6,98.9,50.8,0
100.7,98.6,41.6,0
100.2,98.6,54.6,0
98.8,98.7,50.7,0
101.9,99.8,49.3,0
98.3,99.3,44.8,0
98.7,98.7,50.6,0
96.4,98.0,38.6,0
95.8,98.5,47.5,0
101.9,99.3,44.2,0
98.7,98.6,47.6,0
98.4,99.1,47.3,0
100.2,98.2,49.1,0
103.2,98.9,56.2,0
98.2,99.1,48.7,0
97.7,98.4,51.2,0
96.3,99.1,54.5,0
98.8,98.6,51.3,0
97.4,99.3,39.9,0
97.4,97.8,41.6,0
100.8,99.2,45.4,0
95.0,97.3,46.3,0
102.9,99.0,46.3,0
99.0,98.0,47.6,0
98.2,98.8,53.0,0
98.7,99.1,45.6,0
99.8,99.6,44.2,0
96.3,99.5,48.1,0
100.9,98.6,56.3,0
98.3,99.0,56.9,0
97.3,98.4,46.8,0
99.0,98.1,52.3,0
97.0,99.4,37.1,0
96.5,98.0,45.0,0
98.6,98.8,47.8,0
97.7,99.0,44.0,0
99.5,99.2,51.0,0
99.2,99.0,59.3,0
97.9,98.7,45.3,0
96.0,98.2,44.7,0
97.9,99.0,49.4,0
96.5,99.3,52.8,0
97.8,98.5,51.9,0
98.5,98.2,48.8,0
98.6,98.4,50.1,0
95.2,99.6,55.4,0
97.6,99.1,37.1,0
95.8,98.7,43.8,0
99.5,99.9,43.2,0
96.4,99.0,57.2,0
95.6,99.0,58.2,0
94.8,98.3,47.0,0
97.0,99.3,50.3,0
94.5,99.2,46.3,0
100.6,98.6,46.0,0
99.2,99.3,51.4,0
94.7,99.2,44.0,0
98.6,98.2,51.4,0
94.7,97.8,65.0,0
95.5,97.4,66.0,0
97.3,97.2,56.0,0
97.8,99.0,66.0,0
90.7,97.5,66.6,0
94.2,97.1,71.0,0
95.6,97.0,71.6,0
98.6,97.8,66.4,0
94.2,98.0,59.5,0
94.9,97.5,77.4,0
94.2,98.5,62.6,0
95.7,97.9,63.8,0
94.8,98.3,66.5,0
91.1,97.7,63.6,0
93.8,97.7,59.6,0
91.2,98.0,65.5,0
89.3,98.1,69.5,0
93.0,97.1,72.4,0
95.1,98.9,70.3,0
95.2,97.6,72.3,0
95.7,98.3,65.6,0
93.5,97.5,72.2,0
97.4,97.5,66.1,0
95.0,97.6,73.0,0
89.9,97.3,64.3,0
89.7,97.2,63.7,0
93.9,98.3,67.0,0
92.3,97.7,73.5,0
92.4,97.3,71.0,0
93.9,98.1,68.2,0
95.7,97.2,68.2,0
93.9,97.1,60.5,0
95.6,97.6,63.2,0
94.1,98.3,56.9,0
91.3,97.3,75.6,0
94.8,98.1,62.6,0
92.0,98.0,68.6,0
95.3,97.6,69.7,0
94.5,98.1,72.4,0
91.0,96.6,73.3,0
96.6,97.2,59.0,0
94.4,98.2,77.3,0
95.2,97.6,63.9,0
94.2,97.6,63.3,0
98.2,98.6,74.0,0
92.3,98.2,71.6,0
95.0,98.4,71.6,0
95.6,98.1,70.1,0
90.5,97.8,65.6,0
91.5,98.6,77.0,0
96.8,97.9,75.2,0
94.1,97.9,63.0,0
94.9,97.8,61.9,0
94.0,97.7,77.4,0
95.8,97.8,69.7,0
94.1,97.7,63.0,0
93.7,97.4,62.2,0
95.0,98.0,59.5,0
93.8,98.3,73.8,0
96.0,97.8,64.2,0
91.8,97.9,70.4,0
96.5,98.3,67.8,0
91.5,97.6,69.6,0
93.5,97.5,69.8,0
92.9,97.5,70.1,0
93.1,97.9,69.9,0
91.6,97.5,75.7,0
91.6,96.7,59.2,0
94.0,97.8,68.0,0
96.3,96.4,70.5,0
97.0,97.2,66.7,0
92.4,97.3,66.9,0
96.7,98.7,66.9,0
97.7,97.8,77.3,0
93.6,97.9,70.4,0
100.2,98.2,65.1,0
95.7,97.6,66.1,0
95.6,97.8,70.0,0
93.8,98.0,70.7,0
89.9,98.1,63.7,0
90.9,97.8,69.0,0
92.4,98.2,61.9,0
92.9,97.5,68.4,0
94.3,97.3,72.3,0
93.9,96.9,58.9,0
93.7,97.7,68.1,0
93.6,97.9,73.4,0
91.5,97.2,63.2,0
94.3,98.4,66.5,0
88.7,97.0,64.5,0
92.5,97.6,68.9,0
93.0,98.3,65.3,0
91.9,98.0,61.0,0
94.4,97.9,68.0,0
96.8,97.5,79.0,0
93.2,97.2,69.1,0
91.4,97.4,70.7,0
94.7,97.5,73.7,0
95.9,98.5,71.4,0
96.3,96.9,67.2,0
97.1,98.5,66.7,0
98.5,99.0,74.9,0
98.2,98.7,60.9,0
97.4,98.9,71.0,0
98.0,98.9,69.1,0
100.0,98.6,64.9,0
98.3,97.0,68.6,0
90.3,97.6,68.9,0
98.6,97.9,63.1,0
100.3,98.2,77.9,0
97.6,98.6,74.7,0
97.9,97.9,66.1,0
97.5,97.8,65.4,0
96.1,98.9,66.8,0
97.0,98.4,67.8,0
98.8,97.9,61.4,0
99.8,98.2,59.6,0
98.5,98.7,59.0,0
98.1,98.8,68.5,0
98.9,97.7,68.3,0
97.0,98.2,71.0,0
100.6,99.3,73.2,0
97.4,98.6,70.5,0
97.8,98.5,70.8,0
97.5,98.1,64.6,0
98.9,98.4,68.4,0
98.9,98.3,70.4,0
98.3,97.8,73.9,0
96.6,97.6,61.4,0
95.5,98.5,65.3,0
96.9,98.8,68.4,0
98.2,98.7,69.7,0
93.4,98.3,55.8,0
97.7,98.4,71.9,0
100.0,98.6,64.2,0
98.6,98.2,66.7,0
99.6,98.2,70.7,0
98.9,98.0,71.5,0
99.0,98.5,62.9,0
95.9,98.2,69.4,0
95.7,98.7,60.5,0
97.2,98.5,78.9,0
94.8,99.2,67.4,0
98.4,98.5,68.9,0
97.3,99.2,64.4,0
99.8,98.1,66.4,0
95.4,98.7,73.9,0
97.4,98.4,61.1,0
97.1,97.7,62.1,0
98.0,99.1,80.7,0
96.4,99.2,67.9,0
97.3,98.7,67.0,0
97.8,98.3,59.7,0
94.5,98.8,65.3,0
96.4,98.5,70.7,0
97.9,98.1,72.8,0
100.7,98.7,71.6,0
100.1,99.0,69.8,0
98.8,98.7,61.2,0
99.0,97.8,62.7,0
100.2,98.9,74.1,0
97.0,97.9,65.5,0
97.8,98.5,72.4,0
96.9,98.6,61.7,0
98.5,98.5,62.9,0
97.1,98.4,65.3,0
101.1,98.4,65.5,0
93.4,98.0,65.4,0
96.2,99.2,65.9,0
100.2,98.5,66.9,0
97.4,98.5,75.3,0
92.9,97.5,64.0,0
97.6,98.8,69.1,0
96.8,99.0,71.8,0
97.9,98.9,68.1,0
96.4,98.8,67.2,0
97.6,99.2,54.4,0
94.7,97.9,64.9,0
97.1,97.7,61.8,0
95.8,99.7,75.7,0
96.7,98.3,61.0,0
93.8,98.4,61.7,0
97.4,97.7,62.9,0
97.9,98.6,68.8,0
94.9,98.9,62.7,0
98.8,98.5,59.8,0
96.9,98.6,69.8,0
97.3,99.2,71.7,0
97.1,98.8,76.4,0
101.5,97.9,62.1,0
100.5,97.9,60.1,0
96.6,98.7,66.2,0
96.3,98.1,63.1,0
95.8,99.6,68.2,0
99.3,98.2,65.8,0
96.1,97.1,59.8,0
93.9,97.3,60.7,0
100.2,98.4,73.2,0
98.4,98.9,62.2,0
98.6,98.8,63.8,0
83.2,98.2,26.3,1
83.2,98.3,33.3,1
86.2,98.6,25.2,1
86.5,97.7,35.4,1
83.3,97.8,21.1,1
82.9,97.2,35.0,1
86.3,97.6,31.7,1
81.8,97.6,34.0,1
83.2,98.8,27.7,1
85.3,98.0,34.1,1
82.5,97.9,29.5,1
81.7,98.2,33.3,1
84.6,98.6,37.3,1
82.7,98.1,27.0,1
83.5,97.6,38.2,1
84.3,97.7,36.0,1
79.2,96.8,34.0,1
83.7,97.9,23.4,1
83.6,98.8,34.1,1
84.0,97.6,28.0,1
79.4,97.9,34.2,1
80.6,97.4,24.2,1
81.8,97.8,19.6,1
85.0,98.1,28.7,1
78.8,97.2,36.1,1
78.3,97.5,24.0,1
85.5,97.4,31.9,1
85.0,98.6,28.9,1
84.7,96.9,35.9,1
82.4,97.4,29.8,1
80.8,97.8,34.7,1
84.6,96.8,29.3,1
85.5,96.7,24.5,1
85.8,97.8,31.9,1
87.8,97.8,33.1,1
89.5,97.5,25.8,1
85.0,97.8,27.2,1
82.1,98.7,31.4,1
82.7,98.0,29.3,1
83.7,97.8,23.3,1
85.0,98.5,32.1,1
83.5,97.3,27.7,1
83.8,97.3,34.3,1
80.9,97.9,27.8,1
85.1,96.9,36.4,1
86.9,97.9,22.1,1
86.1,97.7,21.7,1
84.4,97.6,32.5,1
84.9,97.6,37.1,1
87.0,96.0,28.1,1
84.2,96.5,30.1,1
87.1,96.8,31.3,1
82.8,97.0,37.0,1
83.6,97.6,20.3,1
88.4,97.7,28.7,1
85.9,96.6,35.5,1
84.1,97.2,27.1,1
83.6,97.7,30.9,1
86.1,97.3,32.1,1
84.0,98.4,21.7,1
87.4,98.0,25.3,1
89.4,97.8,34.4,1
85.0,97.1,28.5,1
85.7,97.9,30.4,1
83.2,97.6,34.1,1
86.3,97.6,28.1,1
83.2,96.8,21.3,1
85.6,97.1,27.3,1
79.2,96.6,35.1,1
83.8,97.3,22.5,1
88.0,97.1,30.9,1
89.9,97.9,27.9,1
84.0,97.0,32.0,1
85.1,96.9,36.7,1
85.1,98.2,29.8,1
88.9,97.3,34.2,1
83.9,96.6,31.7,1
87.4,97.1,22.9,1
82.7,96.3,20.5,1
85.7,97.6,29.3,1
80.9,96.9,28.5,1
89.7,96.3,27.4,1
88.9,97.2,32.1,1
85.8,97.2,33.2,1
84.0,97.4,22.4,1
86.3,97.0,26.2,1
85.6,96.6,23.9,1
85.0,96.4,30.9,1
83.4,97.3,23.3,1
84.6,96.6,35.9,1
86.4,96.8,31.7,1
81.6,96.9,39.2,1
86.1,96.9,31.9,1
87.7,95.9,20.8,1
86.3,96.5,35.7,1
85.3,95.9,22.8,1
80.4,96.7,28.2,1
85.1,97.3,35.1,1
85.7,95.7,32.2,1
87.1,96.9,34.0,1
92.9,95.0,34.7,1
93.3,95.2,32.3,1
90.0,94.1,36.2,1
94.4,93.7,29.8,1
92.5,94.3,26.6,1
92.4,94.2,37.3,1
95.3,94.4,31.5,1
94.1,94.1,27.7,1
91.9,94.2,27.6,1
94.2,94.9,25.4,1
94.0,94.4,35.1,1
93.9,93.8,27.0,1
94.1,95.0,22.3,1
94.7,95.1,32.5,1
95.2,94.1,32.7,1
90.9,93.3,38.0,1
92.2,94.2,26.3,1
91.4,94.4,29.6,1
95.0,94.7,34.8,1
94.8,95.2,27.9,1
94.2,95.0,39.5,1
91.5,94.3,40.0,1
95.4,94.5,32.1,1
93.7,94.6,31.9,1
94.4,94.5,29.8,1
95.6,95.9,24.2,1
95.3,94.0,36.0,1
94.7,94.8,39.0,1
95.1,95.0,21.4,1
97.9,94.6,38.5,1
92.3,94.0,33.8,1
94.8,94.5,38.5,1
91.3,94.9,33.1,1
94.5,93.6,35.5,1
90.1,94.7,25.5,1
95.1,94.3,38.8,1
94.7,94.0,30.4,1
97.6,94.6,31.0,1
94.7,93.6,34.9,1
91.7,94.7,33.6,1
100.0,93.8,32.4,1
98.9,94.9,29.4,1
95.8,94.3,34.3,1
94.0,94.3,24.9,1
95.7,94.5,31.7,1
92.2,94.8,34.7,1
94.0,94.2,25.3,1
93.5,94.0,38.9,1
94.3,94.6,30.1,1
96.1,94.2,37.1,1
94.6,93.5,25.8,1
94.6,93.7,34.8,1
94.8,95.5,24.0,1
96.2,93.7,30.2,1
96.1,93.1,33.9,1
99.7,94.0,34.0,1
98.0,94.2,29.8,1
91.4,94.6,32.1,1
94.0,94.3,29.7,1
95.0,94.5,25.9,1
98.2,93.5,29.3,1
100.0,94.8,33.1,1
94.3,94.0,32.9,1
96.3,94.2,32.4,1
95.8,93.5,30.0,1
98.1,93.5,31.6,1
94.7,94.3,30.6,1
99.4,94.5,25.9,1
97.8,93.8,29.6,1
97.1,93.9,36.9,1
95.0,93.9,29.2,1
95.5,94.7,35.6,1
100.0,95.3,27.3,1
96.8,93.6,28.5,1
95.5,93.6,27.1,1
96.5,93.6,36.6,1
95.0,95.6,30.1,1
97.0,93.5,40.9,1
99.1,94.3,25.6,1
97.4,93.6,39.6,1
98.6,94.2,20.1,1
95.1,94.5,38.4,1
99.3,93.3,33.8,1
99.1,93.3,32.2,1
97.7,94.0,23.0,1
96.5,93.9,31.5,1
96.1,93.9,32.0,1
98.2,93.9,30.2,1
97.5,93.1,34.6,1
97.4,94.1,37.0,1
93.5,93.1,33.5,1
97.4,94.2,29.8,1
98.8,94.5,34.5,1
97.0,93.0,36.0,1
100.0,94.4,27.7,1
99.0,94.5,39.9,1
95.9,93.9,35.8,1
97.8,93.5,34.1,1
98.9,94.1,33.1,1
97.3,94.8,27.5,1
71.0,94.4,34.6,1
72.0,94.7,29.8,1
74.6,94.8,27.8,1
73.0,95.1,33.2,1
70.5,94.9,25.8,1
76.2,95.1,32.7,1
73.7,94.4,34.6,1
72.7,94.6,35.5,1
72.3,94.2,25.2,1
71.3,93.6,34.8,1
77.1,95.2,23.0,1
75.0,95.2,28.8,1
73.8,93.4,32.4,1
71.5,94.5,23.3,1
74.7,94.9,27.1,1
71.4,93.3,29.7,1
72.5,93.6,33.3,1
72.8,93.8,28.2,1
75.9,94.6,30.3,1
75.0,93.7,31.1,1
74.1,94.1,33.1,1
72.3,94.5,33.7,1
68.0,94.9,15.7,1
72.6,94.8,29.3,1
71.0,93.7,36.0,1
70.1,94.8,30.6,1
71.6,93.9,25.7,1
75.7,94.6,22.2,1
73.2,93.7,37.2,1
71.3,95.0,30.6,1
71.7,93.8,26.7,1
71.5,94.2,24.6,1
69.8,93.9,21.7,1
72.6,93.6,26.3,1
78.2,94.1,31.9,1
70.6,93.7,31.7,1
72.2,94.5,24.6,1
73.7,93.7,31.4,1
73.0,93.9,29.4,1
72.8,94.2,31.7,1
74.2,93.8,34.5,1
73.9,93.8,31.0,1
77.8,93.3,34.3,1
70.6,94.0,38.4,1
75.4,94.0,27.7,1
74.5,93.8,26.5,1
73.9,94.0,26.6,1
72.9,93.2,32.4,1
75.7,94.0,35.2,1
74.8,94.0,31.9,1
74.4,93.5,41.4,1
73.7,93.5,32.5,1
75.2,93.1,35.9,1
74.5,93.2,36.2,1
76.0,93.1,39.1,1
76.1,93.7,38.2,1
75.1,93.7,26.9,1
76.0,93.9,30.3,1
73.3,93.7,29.8,1
72.2,92.9,33.0,1
69.7,93.7,27.8,1
77.5,93.4,33.4,1
74.2,93.7,33.8,1
74.1,94.1,25.1,1
75.6,94.0,33.4,1
78.9,93.2,23.2,1
73.1,93.9,32.5,1
75.3,93.0,33.8,1
72.7,94.1,44.3,1
75.9,93.8,27.5,1
71.6,93.2,24.5,1
72.3,94.3,31.3,1
76.0,93.3,29.0,1
77.2,93.4,32.5,1
74.9,93.2,22.8,1
71.4,93.3,30.1,1
72.8,93.4,30.1,1
71.1,92.9,31.8,1
76.2,92.8,30.6,1
77.5,93.7,29.3,1
74.5,93.0,32.1,1
75.9,93.6,30.4,1
77.1,93.3,33.6,1
77.3,92.9,20.7,1
78.7,93.4,21.1,1
74.2,93.6,28.3,1
74.6,93.9,24.4,1
74.1,93.3,31.6,1
76.7,93.6,30.6,1
76.7,93.0,29.9,1
75.9,93.3,33.4,1
76.9,93.1,25.5,1
75.9,93.1,30.5,1
80.2,92.8,31.6,1
78.0,93.1,41.2,1
75.1,93.2,25.5,1
75.2,93.2,33.7,1
76.6,93.7,28.9,1
75.3,94.4,31.4,1
74.5,92.6,24.7,1
93.1,94.6,52.4,0
91.0,94.7,47.0,0
91.6,93.9,57.3,0
93.9,94.6,57.0,0
98.3,93.5,47.1,0
91.4,93.9,45.4,0
92.1,93.7,52.5,0
92.8,94.6,53.3,0
93.9,94.1,61.4,0
93.2,93.4,45.8,0
89.2,94.3,50.2,0
91.8,95.3,53.6,0
94.2,93.8,45.8,0
92.8,94.4,41.6,0
92.4,94.3,49.8,0
91.1,94.0,50.0,0
92.9,94.6,56.3,0
92.2,94.0,53.1,0
94.0,94.1,54.8,0
94.7,94.9,59.8,0
91.0,94.3,51.0,0
92.6,93.9,43.5,0
93.0,93.9,51.4,0
91.2,93.7,52.1,0
93.1,94.5,61.9,0
93.4,94.5,45.6,0
90.2,95.0,46.3,0
90.7,94.2,50.5,0
91.0,94.1,57.1,0
91.2,93.5,55.7,0
93.8,93.9,43.1,0
91.3,94.2,56.8,0
90.8,94.2,54.4,0
88.1,94.7,45.1,0
93.5,94.3,56.5,0
94.0,93.0,47.1,0
93.1,94.1,53.4,0
94.5,94.5,50.0,0
89.2,94.0,53.1,0
90.7,94.5,55.6,0
93.2,92.7,44.7,0
96.7,93.9,41.2,0
95.4,94.2,56.6,0
93.5,94.4,52.9,0
94.3,95.3,56.0,0
89.8,94.4,56.8,0
95.3,93.9,57.0,0
94.8,95.4,47.4,0
91.9,94.0,48.7,0
91.2,92.8,49.0,0
93.7,93.9,60.8,0
93.0,94.8,52.5,0
94.6,94.3,58.0,0
93.1,94.4,53.0,0
92.4,94.3,62.4,0
92.5,94.3,57.5,0
95.3,94.1,39.3,0
94.0,93.0,58.6,0
93.4,94.6,46.7,0
89.9,94.2,51.1,0
92.0,94.2,65.1,0
94.7,94.6,55.5,0
96.0,94.0,41.0,0
92.7,94.5,46.4,0
92.7,93.7,58.8,0
94.6,94.4,54.4,0
93.0,94.2,45.4,0
88.7,94.2,52.9,0
95.5,94.9,59.2,0
91.1,93.9,53.7,0
98.2,94.8,56.9,0
92.3,93.6,55.3,0
90.9,93.9,50.8,0
96.3,93.9,39.2,0
94.1,93.7,51.6,0
93.0,93.9,55.3,0
90.1,93.8,54.8,0
91.9,93.2,54.8,0
95.4,94.0,41.6,0
94.6,93.2,53.0,0
91.4,93.5,49.2,0
92.8,93.7,54.4,0
92.3,94.5,52.9,0
91.8,93.6,43.2,0
93.8,93.8,39.6,0
92.1,93.6,59.4,0
89.8,93.3,57.0,0
95.9,93.6,48.3,0
94.4,92.8,42.2,0
92.7,94.8,49.3,0
93.4,94.6,62.1,0
92.1,94.0,60.6,0
90.2,94.5,46.4,0
93.4,93.9,46.8,0
91.3,94.1,56.5,0
93.0,94.0,54.4,0
91.3,94.3,55.7,0
98.5,93.8,49.3,0
94.8,94.4,48.9,0
92.5,94.2,47.5,0
78.7,97.1,41.8,0
79.9,96.8,45.5,0
83.9,97.5,47.8,0
80.3,97.0,49.4,0
82.4,96.7,47.9,0
77.2,97.3,51.5,0
80.6,98.1,43.3,0
81.6,97.2,47.2,0
80.9,97.2,52.0,0
83.9,97.2,51.8,0
79.7,97.6,43.9,0
83.3,98.3,47.1,0
76.7,96.9,53.9,0
82.2,97.3,52.7,0
82.1,97.8,52.3,0
84.1,97.3,52.2,0
80.4,96.8,56.2,0
81.5,97.5,48.3,0
79.8,97.1,54.8,0
82.1,96.3,46.6,0
84.6,97.0,38.6,0
84.8,97.5,47.3,0
80.2,97.7,44.9,0
83.2,97.4,48.9,0
81.2,97.0,52.9,0
79.2,96.3,50.7,0
82.2,97.3,49.7,0
80.2,97.5,47.4,0
79.9,96.9,57.7,0
77.4,97.3,39.2,0
80.6,96.9,37.2,0
81.6,96.9,37.1,0
82.5,97.8,55.0,0
81.5,97.1,54.2,0
84.1,97.6,42.9,0
81.2,97.3,38.5,0
81.7,98.2,50.8,0
83.7,97.2,47.2,0
81.5,96.7,42.7,0
83.2,97.7,42.6,0
82.6,97.0,49.2,0
81.6,97.5,48.0,0
83.5,97.2,50.7,0
79.0,98.1,49.9,0
82.1,96.2,43.4,0
83.1,97.2,37.9,0
82.7,96.8,54.6,0
80.4,97.1,53.4,0
78.8,96.5,46.5,0
82.2,96.3,39.2,0
82.2,96.7,45.5,0
76.8,96.7,47.4,0
82.4,96.6,55.8,0
79.1,96.7,55.2,0
80.9,96.7,46.7,0
83.2,97.7,43.4,0
80.4,97.0,42.5,0
80.3,97.0,53.2,0
82.8,96.8,46.4,0
81.7,96.7,50.4,0
80.2,96.5,42.7,0
83.3,96.9,55.6,0
79.3,97.1,59.4,0
78.2,96.0,53.9,0
78.7,96.9,44.5,0
80.8,96.5,46.5,0
81.2,96.4,43.9,0
79.6,96.2,45.3,0
80.5,96.7,46.0,0
80.2,96.6,50.8,0
83.1,96.7,49.8,0
79.7,97.1,55.2,0
81.2,96.0,49.6,0
82.7,96.8,52.3,0
78.8,96.2,48.1,0
76.6,96.8,53.8,0
76.3,96.3,42.2,0
80.0,96.7,54.3,0
82.0,97.1,48.1,0
80.9,96.5,51.6,0
77.9,97.3,53.3,0
80.5,96.8,49.3,0
74.3,97.0,46.8,0
79.9,97.2,46.9,0
77.7,96.8,47.6,0
80.2,96.9,52.5,0
77.8,97.0,53.7,0
76.5,97.0,44.4,0
79.2,96.4,46.4,0
83.6,96.2,41.4,0
77.3,97.7,45.0,0
79.9,96.6,42.5,0
79.4,98.1,54.2,0
78.2,97.2,43.1,0
76.3,97.3,53.1,0
81.9,96.6,46.4,0
81.3,97.0,45.3,0
76.6,96.9,52.6,0
77.4,97.1,48.9,0
81.3,97.2,43.8,0
100.9,98.1,52.8,0
100.4,97.6,47.1,0
98.4,99.0,50.7,0
98.3,97.9,42.8,0
102.3,97.4,50.4,0
101.4,97.9,48.4,0
99.3,97.7,45.0,0
98.4,98.5,47.3,0
97.8,97.5,53.4,0
100.7,98.0,46.6,0
100.5,97.4,46.6,0
101.3,98.2,42.9,0
97.7,97.8,56.5,0
95.6,97.9,41.0,0
98.1,97.5,45.7,0
98.4,97.7,45.2,0
96.5,98.1,51.6,0
101.1,97.0,49.3,0
100.8,97.2,47.9,0
99.2,98.7,57.4,0
96.2,99.0,43.2,0
101.5,98.2,42.8,0
100.5,97.7,50.6,0
100.0,98.3,48.2,0
99.2,98.3,50.7,0
101.0,97.4,42.5,0
98.4,97.4,51.7,0
101.5,97.7,54.9,0
102.3,97.9,43.6,0
102.7,97.7,48.4,0
98.9,97.3,40.4,0
100.9,97.4,63.0,0
97.5,97.1,50.3,0
102.7,97.8,50.6,0
96.0,97.4,42.4,0
95.9,97.8,36.5,0
97.0,97.5,43.6,0
100.5,97.9,52.2,0
101.2,98.4,47.7,0
100.3,98.0,48.4,0
98.9,97.6,43.6,0
100.6,97.7,44.4,0
98.4,97.2,52.6,0
99.9,97.4,51.7,0
98.7,97.1,52.8,0
98.7,97.6,47.9,0
102.1,97.8,41.7,0
100.9,97.6,57.1,0
99.8,96.7,49.4,0
103.7,98.6,56.8,0
97.8,98.3,44.0,0
100.3,97.2,44.4,0
98.5,98.3,51.6,0
100.4,97.1,46.1,0
98.4,98.3,53.5,0
102.0,97.4,33.9,0
96.4,98.5,45.6,0
98.4,98.7,53.9,0
100.0,97.7,46.9,0
100.4,98.6,49.7,0
101.4,98.4,41.7,0
101.5,97.7,35.0,0
95.7,97.3,50.2,0
100.2,97.9,57.3,0
97.5,97.8,49.1,0
98.6,97.9,39.6,0
102.9,97.5,57.7,0
100.0,98.4,47.3,0
100.0,97.6,48.1,0
100.7,97.5,46.9,0
98.9,99.0,47.1,0
103.2,97.8,48.8,0
97.5,97.6,48.6,0
103.3,98.0,54.4,0
101.4,98.7,47.2,0
104.9,97.6,43.7,0
97.8,99.0,51.6,0
99.5,98.5,50.9,0
104.1,97.1,46.2,0
99.3,96.9,52.8,0
99.7,98.3,59.3,0
99.5,97.7,48.1,0
102.2,97.6,44.3,0
102.4,98.1,37.2,0
97.8,98.6,49.5,0
98.8,97.8,47.5,0
101.8,97.2,43.2,0
100.9,97.9,50.3,0
97.9,98.1,52.9,0
101.3,98.0,46.9,0
98.7,97.9,53.7,0
100.1,97.5,44.9,0
100.8,97.7,49.8,0
101.4,98.4,54.5,0
102.4,97.5,42.9,0
100.3,97.7,41.7,0
99.5,97.7,44.0,0
99.8,98.5,48.4,0
105.4,98.0,45.9,0
100.5,98.1,49.5,0
98.1,94.3,61.0,0
97.3,94.8,67.3,0
97.6,94.4,67.0,0
98.9,94.7,63.8,0
98.1,94.4,74.5,0
102.4,94.0,74.3,0
98.3,95.2,64.0,0
102.6,94.0,79.7,0
101.1,93.8,67.1,0
101.5,94.9,69.3,0
100.0,94.7,70.4,0
97.4,93.9,70.9,0
102.4,95.2,73.6,0
100.5,94.7,66.4,0
99.7,93.9,63.5,0
100.6,94.4,73.2,0
101.1,94.5,72.5,0
99.9,94.6,66.1,0
100.7,94.7,66.4,0
100.1,94.0,67.1,0
97.8,95.0,75.1,0
101.1,95.3,68.8,0
106.1,94.3,71.1,0
99.3,94.6,74.0,0
99.8,95.3,71.0,0
100.6,93.9,71.9,0
99.8,94.1,65.9,0
105.4,94.2,62.5,0
98.7,94.4,72.6,0
101.2,94.7,66.6,0
100.8,93.9,66.7,0
98.3,93.8,75.2,0
101.5,94.9,70.0,0
101.7,93.5,74.2,0
100.5,94.7,71.8,0
98.2,93.6,66.3,0
101.3,94.7,63.0,0
98.2,94.0,68.1,0
97.5,93.7,65.8,0
100.4,93.8,69.3,0
102.3,93.8,68.9,0
102.3,94.2,67.0,0
102.6,94.3,75.4,0
101.1,94.2,72.3,0
100.9,94.9,67.2,0
100.3,94.4,73.5,0
98.2,94.9,72.3,0
97.6,95.0,81.1,0
102.3,95.1,70.4,0
97.0,93.5,71.2,0
99.1,94.0,69.7,0
101.6,93.7,67.7,0
103.3,93.9,74.3,0
99.4,94.7,75.5,0
101.8,94.9,64.2,0
102.6,94.0,71.3,0
100.9,94.7,71.7,0
98.7,93.8,74.4,0
100.8,95.0,69.8,0
97.6,94.9,68.2,0
101.1,94.1,78.3,0
98.7,94.3,70.6,0
98.2,94.6,78.1,0
99.5,94.6,56.3,0
100.4,94.3,66.0,0
102.6,94.3,69.2,0
99.7,93.5,64.4,0
102.4,93.4,66.3,0
99.7,95.3,74.0,0
99.4,95.1,66.4,0
102.5,93.8,75.5,0
99.7,94.0,69.0,0
101.1,94.2,72.9,0
99.4,94.8,72.4,0
100.4,94.3,70.9,0
101.6,95.5,74.9,0
102.5,96.0,72.7,0
101.5,94.8,65.1,0
99.7,94.2,73.4,0
100.2,94.6,75.6,0
102.3,94.4,66.8,0
102.9,94.9,62.2,0
100.0,94.6,74.1,0
102.4,94.6,73.1,0
100.8,94.2,68.9,0
100.7,94.5,60.8,0
99.9,94.5,68.8,0
100.2,94.7,64.8,0
97.4,94.3,74.1,0
104.1,94.9,62.9,0
100.2,94.6,71.2,0
101.8,94.1,70.6,0
101.5,94.9,66.3,0
100.0,93.2,67.2,0
99.7,94.0,71.1,0
100.6,93.4,71.4,0
98.9,94.8,63.9,0
100.8,94.4,71.8,0
101.0,94.4,62.6,0
97.8,94.2,70.3,0
65.2,98.6,66.6,1
62.3,98.9,64.4,1
58.4,98.7,61.5,1
58.1,98.5,61.6,1
62.8,99.2,62.3,1
61.1,97.9,64.4,1
62.5,99.2,63.3,1
63.8,98.1,60.6,1
63.2,99.6,69.3,1
61.7,97.7,56.7,1
62.1,98.6,61.2,1
62.0,98.8,71.5,1
62.2,99.3,66.8,1
61.8,99.2,61.8,1
67.7,98.9,68.6,1
63.1,99.6,70.6,1
58.9,99.3,64.9,1
62.4,98.0,69.3,1
60.9,98.6,65.2,1
66.1,99.6,66.8,1
62.5,98.4,72.1,1
61.7,98.3,71.4,1
61.3,98.5,58.6,1
63.9,99.5,70.1,1
65.4,98.1,67.7,1
60.7,98.3,70.3,1
62.8,97.7,59.9,1
59.9,98.7,76.8,1
65.4,97.5,73.5,1
64.6,97.6,64.9,1
65.0,98.6,59.8,1
64.1,97.3,65.3,1
65.2,98.3,63.9,1
64.7,98.8,72.9,1
64.7,98.8,70.0,1
63.5,98.3,65.1,1
60.6,97.8,64.9,1
63.6,98.9,66.0,1
65.2,98.7,65.1,1
64.4,98.1,72.8,1
64.5,97.6,67.0,1
66.6,98.1,68.4,1
64.4,97.6,68.7,1
60.6,97.8,71.5,1
64.1,97.9,68.4,1
63.4,98.1,69.4,1
62.1,98.1,64.5,1
60.4,97.6,73.9,1
64.4,97.3,58.4,1
63.4,98.8,65.1,1
66.3,98.1,68.4,1
61.1,98.4,64.3,1
65.5,97.5,66.9,1
64.6,97.8,68.0,1
63.4,97.6,74.0,1
66.0,97.5,68.8,1
62.5,97.3,71.1,1
60.6,98.3,64.6,1
63.7,98.0,68.8,1
62.5,98.2,66.4,1
61.7,97.7,72.7,1
67.6,98.1,59.9,1
65.2,98.2,69.4,1
65.9,97.9,65.4,1
63.1,96.7,67.5,1
64.8,98.0,59.1,1
65.7,98.7,66.1,1
64.4,97.8,75.9,1
62.5,97.7,61.7,1
63.5,97.6,72.4,1
68.2,97.8,63.8,1
69.7,97.3,62.8,1
61.2,98.2,70.5,1
69.6,96.8,72.9,1
65.0,97.9,57.3,1
67.8,97.9,65.4,1
66.2,97.1,62.6,1
64.0,96.5,69.8,1
67.4,97.1,67.2,1
64.5,97.6,62.4,1
63.3,97.9,65.2,1
69.2,97.4,60.8,1
67.6,97.7,69.1,1
67.6,97.0,64.8,1
64.9,96.7,64.1,1
68.0,97.4,58.6,1
62.3,98.1,64.9,1
64.1,97.1,58.0,1
68.3,97.0,72.2,1
65.6,97.9,66.6,1
67.3,97.5,68.4,1
66.3,97.0,74.8,1
63.8,97.1,65.3,1
66.5,96.9,66.8,1
65.4,96.3,65.3,1
63.6,96.2,65.9,1
66.8,97.3,68.0,1
62.0,96.4,75.0,1
63.8,97.3,61.7,1
66.1,96.7,67.9,1
87.9,99.1,77.2,0
81.4,98.0,84.1,0
83.7,98.4,76.8,0
83.1,98.1,77.4,0
83.5,98.3,73.8,0
86.3,98.6,76.8,0
86.5,98.6,76.3,0
86.3,99.1,76.9,0
85.5,98.3,73.4,0
86.9,98.9,80.0,0
85.9,98.8,81.2,0
87.2,99.2,77.2,0
88.2,98.8,80.8,0
86.0,98.9,74.0,0
86.8,100.0,75.8,0
85.6,98.5,75.2,0
88.5,98.4,75.3,0
82.3,98.4,69.1,0
86.7,100.0,75.8,0
82.1,99.2,74.0,0
88.1,98.6,74.5,0
85.1,99.1,76.5,0
84.5,98.7,71.3,0
86.3,97.9,75.5,0
87.0,98.9,80.6,0
85.4,99.4,82.3,0
86.4,99.2,81.4,0
84.7,98.1,79.8,0
86.7,99.3,73.0,0
83.8,99.0,77.3,0
81.8,99.0,68.4,0
83.7,99.5,86.8,0
83.2,98.6,77.9,0
89.2,98.5,75.3,0
88.8,98.6,81.3,0
82.7,98.7,69.4,0
83.6,99.2,77.4,0
85.1,98.4,76.6,0
86.3,99.3,64.5,0
84.1,98.9,77.2,0
86.5,99.0,76.1,0
84.7,98.7,83.4,0
84.3,98.8,78.6,0
88.9,98.7,82.5,0
88.2,98.8,76.6,0
85.1,98.7,81.9,0
86.3,99.0,72.0,0
83.9,99.9,76.8,0
84.3,99.6,79.1,0
87.0,98.8,76.1,0
85.5,98.2,77.2,0
86.5,99.8,78.1,0
81.2,98.8,91.4,0
87.6,98.4,80.6,0
84.4,98.2,75.9,0
86.1,97.9,71.9,0
86.0,98.7,79.6,0
83.5,99.2,71.7,0
89.2,98.0,72.2,0
86.8,99.7,79.2,0
87.1,98.9,72.5,0
85.0,98.3,71.3,0
86.8,98.3,79.3,0
83.4,99.0,75.2,0
88.9,99.0,83.8,0
84.5,98.9,72.8,0
85.2,98.8,74.0,0
83.6,98.2,66.0,0
84.0,99.2,69.7,0
83.4,99.8,74.5,0
86.8,99.2,81.0,0
83.1,98.8,69.6,0
91.0,98.1,72.4,0
84.1,98.2,84.4,0
91.0,98.7,71.1,0
81.7,98.8,76.1,0
84.9,99.0,79.6,0
86.9,98.8,72.2,0
87.5,98.9,82.1,0
87.8,98.2,70.5,0
84.7,98.4,81.4,0
87.0,99.5,79.6,0
86.7,99.5,80.0,0
86.4,99.7,78.2,0
85.7,98.5,81.2,0
88.8,98.9,84.2,0
82.4,98.9,77.5,0
84.9,100.0,77.3,0
85.5,99.0,67.6,0
84.8,99.5,74.5,0
84.7,99.6,84.4,0
87.4,98.7,76.5,0
84.8,98.5,72.4,0
85.2,98.5,69.8,0
86.9,99.1,86.2,0
85.1,99.1,79.2,0
85.9,99.4,81.5,0
87.1,98.9,75.9,0
83.7,98.6,74.5,0
84.2,99.2,83.6,0
74.4,96.6,72.1,0
69.9,96.8,79.9,0
72.9,97.8,82.5,0
71.8,96.5,77.7,0
70.7,97.3,77.2,0
72.9,97.0,84.0,0
72.8,96.6,82.9,0
74.4,96.5,75.4,0
72.8,96.8,68.6,0
69.3,96.2,70.5,0
71.1,97.0,74.5,0
72.8,96.0,73.0,0
73.6,96.9,71.7,0
72.8,97.7,75.2,0
71.1,96.6,75.8,0
72.2,96.6,68.1,0
70.5,96.6,74.5,0
71.3,96.5,75.6,0
74.2,96.6,77.3,0
71.4,96.9,77.1,0
74.2,97.0,78.2,0
72.3,96.7,80.6,0
71.2,96.3,76.2,0
73.3,96.2,74.9,0
72.3,95.5,74.1,0
72.2,96.5,82.3,0
70.1,96.2,62.2,0
71.6,96.4,72.7,0
74.7,97.0,75.6,0
71.8,97.1,75.1,0
70.9,95.7,73.0,0
74.0,97.7,75.5,0
71.0,96.0,77.9,0
69.0,96.8,79.3,0
73.4,96.4,78.0,0
72.9,96.2,84.4,0
71.9,96.9,63.1,0
75.1,97.3,75.3,0
73.7,96.8,71.9,0
73.7,96.1,72.1,0
74.8,97.0,71.6,0
71.1,96.2,78.8,0
70.6,96.7,78.9,0
72.4,97.0,73.6,0
72.2,96.0,80.2,0
71.1,96.7,74.7,0
70.5,96.2,82.0,0
73.0,96.0,76.6,0
72.3,98.2,76.5,0
71.9,97.2,65.9,0
72.8,97.5,74.5,0
69.2,96.3,82.3,0
73.4,96.1,71.6,0
71.5,96.7,81.7,0
74.7,96.7,68.4,0
70.0,96.7,68.3,0
72.2,96.6,69.3,0
70.6,96.4,77.5,0
74.8,96.8,75.4,0
71.2,95.9,72.5,0
73.5,96.6,64.5,0
71.1,97.0,75.4,0
69.8,97.6,74.8,0
73.4,96.6,73.1,0
71.2,97.5,80.0,0
74.3,96.7,70.0,0
75.3,96.0,76.4,0
69.4,95.4,76.6,0
71.1,95.4,77.7,0
76.9,97.1,73.7,0
72.7,96.8,80.6,0
72.0,96.4,76.4,0
73.8,96.3,74.3,0
75.5,97.0,77.3,0
76.2,96.2,83.0,0
73.8,98.0,68.9,0
71.4,96.6,76.9,0
76.6,96.0,79.4,0
75.1,96.7,70.1,0
75.6,97.0,77.9,0
73.2,96.5,74.5,0
74.0,96.4,70.6,0
70.7,96.0,76.0,0
72.7,96.5,77.4,0
71.5,97.1,73.5,0
71.9,96.6,65.7,0
71.2,96.8,66.2,0
75.0,97.1,73.0,0
73.4,96.9,72.5,0
74.5,96.0,72.4,0
71.2,96.5,80.6,0
72.4,95.7,69.4,0
73.6,97.2,76.8,0
72.0,96.7,73.6,0
72.1,95.8,81.8,0
67.8,96.7,72.5,0
72.0,97.1,71.2,0
71.5,96.2,76.8,0
72.0,95.5,70.4,0
75.4,96.3,77.0,0
89.9,98.0,64.8,0
91.6,99.0,66.5,0
86.4,98.2,65.0,0
91.2,98.1,64.7,0
91.0,98.3,62.1,0
89.2,99.5,61.2,0
91.3,97.2,65.4,0
89.2,97.8,70.0,0
92.0,98.3,56.0,0
94.7,97.4,72.5,0
93.1,98.3,60.5,0
91.3,97.8,65.0,0
90.5,97.0,70.4,0
90.9,97.7,62.0,0
91.7,97.5,53.5,0
91.8,98.2,63.8,0
88.7,98.0,57.5,0
88.9,97.6,69.0,0
90.2,97.8,74.6,0
91.7,98.2,63.0,0
89.8,96.9,69.7,0
91.8,97.9,64.2,0
92.4,97.2,61.9,0
88.7,98.9,69.2,0
86.5,97.2,64.2,0
90.0,97.3,74.6,0
91.5,98.2,61.4,0
92.3,97.8,63.4,0
92.1,97.2,72.8,0
91.2,98.6,59.5,0
89.0,97.4,66.1,0
91.0,97.7,59.8,0
88.3,98.0,62.5,0
89.5,98.8,64.4,0
93.4,97.7,66.1,0
90.7,97.1,72.0,0
90.5,98.4,61.1,0
90.5,97.5,71.0,0
91.4,98.2,71.7,0
93.1,98.4,57.8,0
89.4,97.5,68.5,0
91.1,97.3,63.9,0
87.8,98.0,56.6,0
91.8,98.2,74.4,0
92.4,97.8,69.0,0
87.9,97.5,66.5,0
86.4,98.0,59.8,0
90.9,97.4,67.0,0
90.7,98.7,64.9,0
89.2,97.9,58.2,0
91.5,98.3,77.2,0
89.4,97.8,62.0,0
91.1,98.2,64.6,0
92.8,97.7,69.8,0
91.7,98.0,63.3,0
95.5,97.6,66.4,0
89.1,98.9,69.3,0
89.3,98.2,66.2,0
89.6,98.4,66.9,0
91.0,98.0,67.1,0
91.0,98.0,61.7,0
94.0,97.4,67.1,0
89.9,98.9,60.4,0
89.1,97.5,66.5,0
87.8,97.7,54.2,0
91.0,97.7,57.5,0
92.7,97.3,68.9,0
89.1,98.8,68.7,0
88.5,97.5,68.0,0
90.0,97.9,71.3,0
89.0,98.0,69.7,0
92.1,97.9,63.5,0
87.0,97.4,66.5,0
90.2,98.0,70.1,0
88.1,97.8,65.9,0
89.0,98.7,69.5,0
91.0,98.9,57.4,0
90.4,98.1,60.4,0
91.0,97.4,68.4,0
92.5,98.1,55.7,0
88.5,98.2,65.1,0
85.0,98.6,65.6,0
88.7,98.5,61.6,0
89.0,98.1,73.9,0
93.6,98.1,67.3,0
91.9,97.3,68.2,0
88.9,98.1,63.8,0
91.3,98.0,49.6,0
90.7,98.3,67.2,0
90.1,98.8,66.5,0
91.2,98.5,66.8,0
88.5,96.7,62.6,0
91.8,97.8,69.0,0
90.6,98.6,63.5,0
91.2,98.2,72.5,0
86.9,97.7,69.2,0
93.4,98.1,63.5,0
91.8,98.4,63.2,0
90.9,98.5,74.4,0
91.7,98.0,64.7,0
78.1,97.7,33.9,0
76.5,96.4,44.3,0
72.2,96.2,49.7,0
79.0,96.2,35.8,0
77.9,97.1,45.3,0
78.6,96.4,40.0,0
76.4,96.2,27.3,0
74.6,96.3,30.2,0
78.4,96.1,20.4,0
75.6,96.5,33.1,0
80.7,96.4,40.5,0
77.6,96.7,31.9,0
77.5,96.3,37.0,0
77.2,96.2,41.1,0
78.5,96.5,36.9,0
77.4,96.3,36.5,0
76.4,96.2,28.0,0
76.9,97.0,32.7,0
82.6,97.1,42.7,0
79.1,97.6,32.2,0
72.4,96.5,39.0,0
77.8,96.8,42.8,0
78.3,97.1,31.5,0
75.3,97.5,36.7,0
76.2,96.4,32.9,0
76.0,96.0,28.7,0
77.0,96.4,41.7,0
78.0,96.8,32.5,0
77.1,96.9,39.8,0
77.2,97.2,36.3,0
78.9,96.4,27.2,0
77.9,97.0,39.1,0
78.2,96.5,32.2,0
78.4,96.9,33.4,0
79.5,96.2,33.3,0
80.5,97.1,34.5,0
77.8,96.7,22.5,0
75.4,96.6,34.5,0
77.7,97.2,34.7,0
75.1,96.8,34.6,0
76.9,96.5,47.5,0
72.7,96.5,36.3,0
75.6,97.1,40.4,0
77.0,96.5,35.7,0
76.9,96.6,35.4,0
77.6,97.0,30.2,0
75.0,95.8,40.7,0
77.6,96.9,29.2,0
80.6,96.3,37.2,0
78.7,96.1,33.6,0
77.4,98.1,37.8,0
80.2,97.2,38.2,0
75.0,97.2,28.9,0
80.2,96.7,23.1,0
76.3,97.0,35.2,0
78.4,96.2,29.8,0
76.8,96.6,34.6,0
79.3,96.2,38.0,0
77.0,95.8,29.8,0
76.9,97.6,39.3,0
73.4,95.1,40.1,0
76.6,97.2,32.0,0
77.5,97.0,34.2,0
75.9,96.6,39.1,0
76.7,97.1,34.1,0
74.1,97.6,33.4,0
75.6,96.6,36.8,0
75.9,96.6,36.2,0
77.1,95.4,45.9,0
76.4,96.9,29.6,0
75.7,96.3,43.8,0
75.5,97.0,33.2,0
75.7,96.5,42.9,0
72.8,95.9,26.7,0
74.4,96.2,28.4,0
75.1,95.6,31.4,0
79.0,96.8,37.4,0
74.5,95.8,30.8,0
76.4,97.0,41.0,0
77.8,96.2,36.6,0
75.9,96.5,46.7,0
73.0,96.5,42.6,0
73.5,96.3,33.9,0
76.0,95.8,39.5,0
77.8,96.8,32.2,0
76.6,96.1,34.9,0
80.7,96.6,30.6,0
76.7,95.9,30.6,0
74.3,96.3,41.3,0
77.5,96.8,31.1,0
75.2,96.7,33.4,0
75.8,96.8,34.8,0
76.7,97.4,35.7,0
78.6,96.8,29.3,0
74.1,96.1,32.3,0
76.1,96.9,42.9,0
76.8,96.3,26.2,0
76.3,96.6,37.5,0
80.4,97.2,40.6,0
74.2,96.3,36.2,0
94.0,94.4,56.4,0
93.4,94.7,52.4,0
91.4,93.5,57.1,0
96.4,94.4,58.9,0
96.1,94.6,46.9,0
97.5,94.5,49.5,0
92.7,94.4,43.1,0
95.4,93.8,53.3,0
92.9,94.1,47.7,0
93.6,95.2,58.4,0
94.7,94.3,55.6,0
96.2,93.9,51.0,0
90.3,94.8,61.7,0
94.1,93.2,54.5,0
92.1,94.0,54.5,0
94.4,94.0,48.1,0
94.1,94.1,45.8,0
93.2,94.5,50.5,0
91.0,94.8,37.7,0
92.9,94.0,52.1,0
94.9,94.9,47.8,0
95.0,94.4,42.8,0
97.6,93.6,53.4,0
94.6,94.5,48.9,0
95.4,93.5,51.0,0
92.6,94.0,53.5,0
95.9,94.2,55.2,0
93.8,93.9,50.0,0
93.1,94.0,53.5,0
94.2,93.6,43.1,0
94.6,93.9,52.8,0
95.3,93.7,44.2,0
97.0,94.5,49.2,0
91.8,94.1,45.3,0
95.4,94.0,56.7,0
92.8,93.8,49.1,0
88.4,94.3,50.4,0
95.3,93.4,57.1,0
95.2,95.0,51.0,0
95.6,93.7,54.8,0
92.0,93.6,45.6,0
93.6,94.0,53.1,0
89.9,93.3,58.1,0
95.4,93.9,51.2,0
95.6,94.6,52.0,0
95.7,94.0,51.4,0
93.5,94.3,49.3,0
93.6,94.4,46.0,0
95.1,93.9,50.1,0
92.9,94.6,40.6,0
95.2,94.1,57.3,0
92.5,94.4,60.7,0
92.9,95.1,51.4,0
94.3,94.5,55.4,0
92.0,94.0,48.0,0
93.6,94.3,54.7,0
96.0,94.0,47.5,0
90.5,95.5,52.7,0
94.3,93.8,51.1,0
94.4,94.3,56.5,0
98.0,94.0,46.0,0
91.6,95.3,56.3,0
93.0,94.5,47.0,0
95.1,94.3,49.8,0
94.5,94.4,49.9,0
93.3,94.9,59.3,0
94.4,94.9,50.1,0
91.8,94.8,51.9,0
90.4,94.3,50.7,0
92.2,95.2,53.5,0
96.0,94.6,51.5,0
91.3,94.5,51.1,0
90.5,94.2,49.4,0
94.0,94.8,48.1,0
94.1,94.4,36.7,0
92.2,95.1,42.6,0
93.4,95.3,47.2,0
93.1,93.9,59.1,0
93.0,94.6,57.8,0
94.4,94.1,47.8,0
94.1,94.2,40.4,0
93.0,93.8,59.1,0
93.4,94.1,47.5,0
89.3,94.0,56.1,0
97.5,94.9,50.5,0
92.2,94.1,61.3,0
92.6,95.6,57.9,0
89.5,94.2,47.6,0
92.8,94.6,65.9,0
90.8,94.7,54.0,0
93.0,94.6,45.7,0
93.2,94.8,52.6,0
94.1,95.3,55.6,0
93.1,94.0,47.9,0
92.5,94.7,48.5,0
91.0,94.0,42.6,0
92.4,93.9,45.9,0
92.1,93.9,52.8,0
94.4,94.3,48.7,0
93.9,94.3,47.0,0
96.8,97.1,38.1,0
94.2,97.1,36.3,0
96.5,96.1,35.2,0
98.9,96.6,36.7,0
93.0,97.1,34.2,0
94.4,97.3,34.4,0
96.4,97.3,43.2,0
95.1,98.6,43.2,0
95.5,96.5,37.4,0
97.7,97.8,45.3,0
96.4,96.3,40.4,0
92.4,96.2,39.1,0
95.9,97.4,40.4,0
95.9,96.5,37.4,0
91.9,95.9,41.6,0
93.4,97.4,43.5,0
93.7,97.2,34.6,0
91.2,97.0,35.6,0
94.0,97.9,30.3,0
95.7,96.5,42.5,0
95.5,97.2,33.2,0
93.4,97.4,46.8,0
95.9,96.5,39.7,0
99.8,97.0,45.3,0
93.5,97.0,41.1,0
95.8,96.6,33.9,0
97.0,97.6,45.5,0
98.6,97.0,36.4,0
97.7,97.3,33.1,0
92.9,97.2,37.1,0
95.0,97.5,41.8,0
97.7,96.0,39.3,0
96.4,96.2,34.7,0
93.4,97.0,46.1,0
99.1,96.6,40.6,0
96.2,97.2,40.0,0
95.7,97.8,43.5,0
93.0,97.4,42.5,0
95.7,97.6,39.0,0
95.5,97.1,27.9,0
94.9,96.7,32.1,0
98.0,97.3,37.9,0
94.0,97.2,43.0,0
93.5,97.0,42.4,0
91.3,97.0,35.9,0
94.9,96.8,38.7,0
99.0,96.9,39.5,0
99.2,96.8,47.1,0
95.2,97.9,41.8,0
95.8,97.0,34.9,0
95.3,97.5,38.0,0
94.6,96.9,43.0,0
97.7,96.7,34.7,0
96.0,97.8,43.8,0
92.7,96.9,33.4,0
94.7,97.9,31.0,0
92.0,96.6,39.5,0
96.5,97.3,44.0,0
91.7,97.7,36.5,0
96.7,96.4,38.1,0
95.8,97.6,30.2,0
95.4,96.5,40.6,0
96.9,97.7,35.4,0
97.2,97.7,29.9,0
96.5,97.6,36.8,0
92.9,97.5,32.1,0
95.0,97.1,41.7,0
94.1,96.7,38.6,0
97.4,98.2,30.6,0
96.0,96.5,43.2,0
93.5,96.7,35.2,0
95.2,97.3,40.5,0
95.4,96.4,41.8,0
95.3,97.7,34.6,0
92.2,97.1,44.6,0
95.7,97.0,33.8,0
98.9,96.6,34.5,0
96.6,96.2,44.5,0
96.7,97.6,40.9,0
95.1,96.6,37.4,0
93.5,97.4,42.2,0
98.4,97.3,42.8,0
94.9,96.9,40.5,0
94.7,97.3,32.9,0
93.7,97.4,42.6,0
93.5,97.5,35.5,0
95.6,97.8,42.2,0
97.1,98.1,34.7,0
93.6,96.8,36.9,0
90.8,97.0,35.5,0
97.1,97.3,35.2,0
96.7,97.5,34.3,0
94.6,96.0,32.7,0
94.1,97.2,33.5,0
94.6,96.5,39.1,0
96.5,97.3,38.3,0
92.5,96.8,36.2,0
94.8,97.2,45.3,0
97.2,96.7,41.6,0
96.9,96.8,42.5,0
66.6,97.7,45.9,0
66.0,97.2,40.6,0
60.9,98.0,39.0,0
65.6,97.9,48.1,0
62.9,97.7,53.4,0
68.8,98.2,46.8,0
63.3,98.1,44.3,0
66.5,97.4,44.2,0
65.7,97.8,47.5,0
64.2,97.0,53.2,0
70.3,97.9,38.4,0
63.8,97.9,51.8,0
62.9,97.6,46.0,0
67.1,97.5,37.2,0
66.6,98.2,44.6,0
66.2,97.4,40.8,0
67.4,97.9,47.5,0
68.4,97.1,42.3,0
65.7,97.4,48.9,0
65.0,97.2,45.3,0
65.7,98.1,47.0,0
66.3,97.8,44.0,0
63.9,97.8,43.3,0
68.7,98.3,48.1,0
66.1,97.6,38.7,0
64.9,97.7,46.1,0
66.3,98.1,41.5,0
64.0,98.4,48.8,0
64.6,97.6,44.4,0
65.4,97.9,57.6,0
65.7,98.0,36.5,0
64.4,98.2,46.9,0
56.6,98.0,54.5,0
61.4,98.4,31.1,0
67.2,97.6,33.2,0
66.3,98.2,46.7,0
66.5,97.4,35.6,0
66.8,98.5,50.5,0
61.4,96.8,40.7,0
62.2,97.6,46.9,0
62.5,98.0,47.9,0
64.3,97.5,35.1,0
64.7,97.6,45.7,0
66.1,97.7,43.5,0
66.0,98.1,44.4,0
66.0,97.5,41.6,0
66.4,97.3,46.8,0
65.4,97.4,43.2,0
64.4,96.7,46.7,0
65.8,98.0,42.2,0
69.2,97.4,40.4,0
63.4,96.7,52.5,0
68.1,97.8,40.3,0
69.0,97.4,43.5,0
68.3,97.9,55.8,0
65.9,97.3,41.7,0
61.7,97.4,50.5,0
66.6,97.5,39.8,0
65.9,98.0,46.9,0
65.7,97.1,49.1,0
59.1,97.7,57.6,0
62.4,97.4,44.7,0
64.5,98.0,47.1,0
65.7,97.9,44.8,0
71.8,97.6,45.7,0
62.0,97.2,50.5,0
62.7,96.4,44.9,0
68.1,97.5,43.0,0
61.7,97.7,48.0,0
61.8,98.0,48.5,0
67.7,97.8,48.0,0
66.5,97.9,35.6,0
62.4,97.1,44.0,0
66.2,97.6,50.3,0
67.7,97.0,45.9,0
63.7,97.4,46.3,0
58.6,98.7,47.5,0
64.2,98.4,42.9,0
65.7,97.2,52.9,0
65.2,97.5,50.7,0
66.6,97.4,50.2,0
70.5,97.6,45.2,0
65.8,98.1,41.6,0
64.9,96.7,38.7,0
64.4,97.4,53.5,0
66.5,97.0,41.0,0
68.2,98.0,44.8,0
64.5,98.0,39.6,0
66.2,98.5,45.6,0
63.9,97.6,42.2,0
62.6,97.8,50.2,0
64.8,97.2,39.8,0
65.1,97.1,39.5,0
69.2,97.6,47.4,0
67.2,97.8,42.5,0
66.0,97.2,46.8,0
66.1,97.2,37.9,0
65.7,97.3,35.1,0
66.5,97.9,57.2,0
64.7,97.1,39.0,0
91.9,95.2,19.9,0
91.4,95.9,25.2,0
94.9,96.3,27.6,0
94.9,96.2,22.6,0
94.1,96.5,26.0,0
89.2,95.5,21.4,0
93.6,95.9,28.5,0
94.7,96.6,28.8,0
90.1,96.2,19.7,0
88.8,95.8,29.4,0
93.1,97.0,23.6,0
97.1,96.1,22.9,0
89.6,96.5,20.2,0
90.9,96.6,28.5,0
94.5,95.8,22.5,0
92.1,96.4,30.5,0
93.0,97.0,27.2,0
91.8,96.4,31.2,0
96.3,96.6,22.8,0
91.9,96.3,31.1,0
93.2,96.2,23.0,0
91.7,95.9,23.4,0
95.8,95.9,22.9,0
90.7,96.4,29.5,0
95.7,96.1,25.5,0
92.2,96.3,24.2,0
92.6,96.1,24.9,0
91.9,95.9,31.2,0
97.9,95.5,16.4,0
90.6,96.0,27.1,0
93.7,96.2,25.3,0
91.2,96.0,22.5,0
89.4,95.5,17.0,0
94.2,96.2,25.7,0
89.0,95.3,25.9,0
87.1,96.7,13.5,0
94.4,95.7,27.9,0
99.1,95.0,26.1,0
89.1,96.3,21.6,0
93.0,95.7,26.5,0
89.9,96.7,20.5,0
90.0,96.9,22.2,0
96.6,96.7,18.6,0
92.7,96.2,30.2,0
93.7,96.2,21.6,0
92.8,96.8,22.6,0
92.1,95.9,19.8,0
90.1,95.8,30.0,0
92.5,96.5,10.1,0
94.1,96.1,20.1,0
93.3,95.9,11.9,0
94.8,96.3,21.0,0
91.1,95.4,23.6,0
96.2,96.3,15.6,0
93.5,96.2,26.8,0
94.3,94.7,25.2,0
91.1,95.5,21.6,0
93.9,95.4,26.0,0
94.6,96.2,18.1,0
91.2,96.7,14.9,0
95.3,96.1,22.0,0
89.8,96.1,25.5,0
90.5,96.5,22.9,0
91.9,96.7,11.4,0
93.9,97.0,29.7,0
94.0,96.1,19.3,0
92.7,96.5,18.4,0
94.8,97.3,22.1,0
90.6,95.6,26.3,0
93.2,96.7,19.8,0
95.0,96.2,18.8,0
92.6,95.7,32.4,0
93.2,96.6,19.7,0
91.3,96.2,27.9,0
92.4,95.8,23.2,0
94.5,97.1,24.2,0
94.8,96.6,16.6,0
91.6,95.7,15.7,0
95.1,96.4,22.8,0
88.3,97.3,17.9,0
97.7,95.6,18.3,0
89.2,96.5,16.9,0
91.4,95.6,26.2,0
95.0,97.2,18.9,0
94.1,95.7,20.7,0
92.6,96.6,27.4,0
95.7,95.9,27.3,0
93.6,96.2,18.8,0
92.6,97.2,23.9,0
94.1,96.2,34.5,0
96.4,96.0,20.9,0
93.3,96.4,18.8,0
94.7,97.1,15.7,0
91.6,96.1,20.1,0
97.8,96.9,27.0,0
93.3,96.2,15.0,0
95.4,96.6,28.7,0
93.5,96.3,23.1,0
95.7,95.7,25.9,0
93.9,95.9,11.8,0
94.7,97.3,72.3,1
91.6,98.2,72.5,1
94.1,97.0,74.7,1
99.3,98.6,67.4,1
95.1,97.0,80.6,1
96.5,97.2,76.0,1
95.0,98.3,78.3,1
97.3,96.1,75.3,1
100.2,98.1,66.3,1
95.5,96.8,84.1,1
96.6,97.0,75.7,1
91.0,96.9,75.7,1
97.9,96.4,73.6,1
98.3,96.6,76.6,1
96.5,98.2,74.3,1
96.0,97.8,68.8,1
96.0,97.1,74.7,1
98.2,97.6,71.7,1
96.8,98.0,71.2,1
96.9,97.2,75.1,1
93.4,97.9,71.5,1
98.7,96.9,72.2,1
99.1,97.7,76.4,1
98.3,97.0,75.3,1
95.5,97.6,71.8,1
99.8,97.0,75.4,1
98.4,97.1,73.8,1
96.9,97.6,71.9,1
96.8,97.1,79.5,1
96.9,98.0,74.4,1
96.6,97.0,68.6,1
95.1,96.8,80.8,1
97.2,96.8,81.3,1
100.4,97.6,70.8,1
96.3,97.9,76.3,1
96.8,97.3,80.1,1
96.3,97.1,79.7,1
95.1,96.9,69.5,1
95.6,96.6,77.4,1
96.9,96.6,75.3,1
95.3,97.1,80.6,1
97.5,96.8,76.8,1
93.7,97.1,90.5,1
97.5,96.8,78.6,1
101.1,97.3,64.1,1
99.0,98.1,78.0,1
95.6,96.9,68.5,1
100.4,96.3,75.2,1
96.3,96.5,82.3,1
98.3,96.4,69.1,1
94.4,96.1,75.4,1
100.1,96.4,82.6,1
96.8,96.5,69.4,1
100.2,97.7,65.9,1
97.6,97.3,67.5,1
99.5,97.2,75.1,1
99.5,97.5,84.4,1
98.3,96.3,70.1,1
100.5,95.9,73.4,1
98.8,96.3,76.0,1
103.7,96.5,72.4,1
100.7,96.6,81.8,1
99.0,96.4,65.7,1
95.5,95.5,76.5,1
96.1,97.1,74.7,1
98.4,96.0,77.6,1
97.3,95.9,80.5,1
99.7,96.3,77.7,1
99.0,96.6,70.4,1
103.2,96.1,82.2,1
98.7,96.7,78.1,1
101.4,95.9,79.8,1
102.9,96.2,74.6,1
98.2,96.1,82.9,1
97.3,95.8,82.4,1
100.6,97.3,72.1,1
99.7,95.9,75.0,1
95.9,96.6,75.9,1
99.4,96.0,69.8,1
101.0,95.6,76.8,1
103.8,96.9,66.7,1
98.6,96.3,73.9,1
96.9,96.3,74.2,1
103.6,96.0,80.0,1
97.3,95.6,77.8,1
102.0,95.6,74.3,1
97.1,96.0,78.3,1
99.1,95.9,68.5,1
98.7,96.9,74.5,1
98.0,95.8,66.1,1
98.1,96.7,73.4,1
103.9,95.9,73.9,1
101.5,94.6,75.1,1
100.1,96.7,78.8,1
98.0,96.5,72.7,1
98.5,96.0,73.0,1
103.5,96.0,75.0,1
102.2,96.4,77.9,1
103.3,96.1,74.8,1
103.0,95.8,74.1,1
63.8,99.1,27.4,0
63.2,99.0,28.8,0
63.7,99.4,34.0,0
66.4,98.8,31.3,0
64.7,98.3,30.9,0
64.8,100.0,34.8,0
66.0,99.0,28.3,0
62.6,98.0,23.1,0
64.5,97.9,24.8,0
64.1,98.8,24.2,0
63.9,99.8,30.8,0
63.5,98.9,27.3,0
63.1,98.5,32.5,0
63.8,98.3,27.2,0
64.9,97.9,27.3,0
66.4,99.1,38.6,0
67.2,99.6,41.4,0
66.2,99.0,32.3,0
63.6,98.9,24.2,0
65.5,98.6,24.0,0
65.6,98.8,17.8,0
61.8,98.3,23.0,0
65.6,99.0,32.7,0
66.3,99.4,30.5,0
65.2,99.4,32.0,0
65.6,99.5,15.7,0
64.2,98.7,33.2,0
68.0,98.1,34.5,0
62.5,98.3,26.2,0
64.2,98.1,30.6,0
66.2,99.4,25.2,0
64.8,98.8,35.8,0
59.2,98.4,27.4,0
62.8,98.7,26.7,0
63.6,98.9,30.5,0
64.5,98.6,26.5,0
65.0,98.0,29.7,0
64.1,99.5,30.3,0
67.3,98.3,25.5,0
62.5,98.5,33.6,0
68.0,98.3,25.0,0
64.9,99.1,18.5,0
61.8,99.1,17.6,0
64.2,98.9,29.4,0
64.8,98.6,31.5,0
65.7,98.5,27.5,0
65.9,99.7,31.2,0
67.6,98.5,24.7,0
64.7,98.7,22.3,0
67.7,99.2,25.8,0
66.5,98.9,30.9,0
62.5,98.7,27.0,0
66.4,98.5,14.8,0
63.0,98.8,27.6,0
68.6,99.1,27.7,0
65.2,99.3,24.3,0
65.0,98.2,34.4,0
66.1,98.4,26.7,0
66.3,98.7,24.6,0
64.0,98.9,25.5,0
64.4,98.1,27.6,0
65.0,98.6,28.2,0
66.8,99.1,30.0,0
64.9,98.5,22.0,0
64.2,98.8,23.3,0
65.6,98.3,18.9,0
67.0,98.5,23.0,0
63.2,99.0,34.1,0
64.6,98.6,32.6,0
61.8,99.7,39.4,0
60.0,98.7,23.6,0
64.9,98.5,31.3,0
65.3,98.3,26.3,0
66.5,98.1,19.0,0
69.5,98.4,26.5,0
64.7,99.0,36.0,0
66.7,98.0,20.2,0
64.7,98.6,18.6,0
67.2,98.2,34.6,0
69.2,98.6,29.3,0
63.1,99.0,24.7,0
63.4,98.6,24.8,0
65.0,99.2,23.2,0
69.1,98.1,35.2,0
63.6,98.7,24.7,0
65.0,99.1,34.6,0
68.1,98.5,28.0,0
64.1,98.2,21.4,0
64.8,98.8,17.6,0
65.6,99.5,32.7,0
64.6,98.0,29.4,0
61.1,99.2,26.0,0
69.4,97.8,31.7,0
65.6,98.5,20.2,0
67.0,99.0,36.0,0
67.8,98.4,22.1,0
63.1,99.4,23.2,0
68.8,98.9,28.7,0
65.2,99.0,27.0,0
65.1,99.0,26.3,0
76.4,95.3,33.7,1
72.8,95.5,33.8,1
72.1,95.8,35.3,1
77.0,94.1,38.1,1
77.6,94.8,34.1,1
71.1,95.4,31.6,1
73.3,94.2,43.2,1
75.8,94.8,29.6,1
76.6,94.6,29.8,1
70.0,94.5,28.0,1
72.3,95.2,33.4,1
74.3,94.4,35.5,1
77.5,94.6,37.1,1
70.5,95.5,32.7,1
75.8,94.7,38.1,1
75.0,94.5,40.5,1
72.2,95.1,33.0,1
74.4,94.5,35.2,1
71.6,94.9,35.1,1
72.7,94.7,35.5,1
72.6,94.7,29.8,1
78.5,95.3,36.1,1
76.2,93.7,22.0,1
73.1,94.0,33.5,1
74.3,95.2,29.0,1
74.7,94.7,36.4,1
72.9,95.4,34.1,1
77.5,94.3,38.3,1
73.9,94.5,37.7,1
73.4,93.4,19.1,1
76.6,95.3,43.9,1
74.0,94.0,32.3,1
74.1,94.2,42.6,1
78.6,94.9,34.2,1
71.5,95.4,34.6,1
73.6,94.9,31.3,1
74.5,93.9,39.6,1
74.0,95.2,33.1,1
73.9,94.0,37.9,1
72.5,94.4,34.1,1
74.5,93.8,32.9,1
75.9,94.4,32.9,1
74.6,94.6,28.8,1
74.2,95.1,28.6,1
73.6,93.9,38.6,1
74.2,94.2,34.3,1
72.0,94.1,26.5,1
72.3,95.3,30.1,1
75.4,94.2,37.5,1
72.4,94.6,33.9,1
79.1,94.9,30.6,1
75.9,95.6,25.4,1
72.8,94.4,31.4,1
73.9,93.9,40.5,1
71.7,94.5,38.7,1
74.5,94.1,26.7,1
74.1,94.2,34.4,1
71.8,94.9,33.9,1
75.0,95.3,31.1,1
73.2,94.3,32.3,1
74.5,94.1,23.1,1
73.6,94.7,33.9,1
77.1,95.5,36.9,1
77.5,94.9,41.6,1
78.5,95.0,36.6,1
74.4,94.5,31.3,1
76.1,94.1,32.0,1
70.1,95.3,31.8,1
75.8,95.2,34.4,1
77.8,93.9,44.8,1
77.1,94.6,39.9,1
72.6,94.3,40.0,1
71.2,94.7,35.4,1
78.9,93.7,40.7,1
73.9,94.2,26.5,1
72.9,94.6,27.0,1
76.5,94.1,26.5,1
74.0,94.6,31.1,1
75.2,94.8,37.9,1
74.5,93.9,32.8,1
76.1,93.7,28.0,1
73.7,94.3,28.6,1
76.6,93.6,24.4,1
74.5,94.3,25.0,1
74.0,94.2,30.3,1
75.6,94.1,39.6,1
76.3,94.0,32.6,1
75.5,95.0,29.1,1
76.9,94.4,39.5,1
77.9,94.5,30.7,1
76.4,94.3,40.4,1
75.5,94.2,29.7,1
73.0,94.6,27.8,1
77.6,93.7,32.5,1
77.8,93.3,41.9,1
74.6,94.4,34.7,1
77.0,94.5,36.7,1
76.6,95.2,34.3,1
79.5,94.8,22.6,1
80.8,94.0,39.1,1
86.9,95.3,70.4,0
85.9,96.5,75.6,0
84.3,96.4,76.7,0
80.5,96.7,69.1,0
83.2,96.6,77.0,0
87.1,96.4,75.2,0
86.7,96.4,67.4,0
83.7,96.8,70.6,0
82.9,95.6,75.0,0
83.9,96.6,77.0,0
82.3,96.4,70.0,0
85.7,97.1,64.2,0
86.1,97.0,69.9,0
84.7,96.6,72.6,0
86.1,96.7,66.0,0
86.9,97.0,71.8,0
81.9,96.4,71.9,0
82.6,96.3,63.9,0
86.1,96.5,62.7,0
85.6,96.4,73.5,0
84.1,96.1,67.1,0
83.8,96.5,71.7,0
84.5,96.2,69.2,0
89.9,96.1,68.1,0
91.4,96.7,64.0,0
86.5,96.0,75.5,0
84.4,96.2,79.0,0
85.9,97.0,73.1,0
83.9,96.8,77.0,0
85.1,97.4,75.2,0
85.2,96.6,71.7,0
82.3,96.4,72.1,0
83.9,96.6,71.1,0
86.3,96.8,71.8,0
82.0,97.4,70.3,0
84.6,96.3,68.6,0
87.8,97.2,73.2,0
84.5,96.8,71.4,0
84.3,96.7,68.8,0
85.2,96.6,74.1,0
83.5,96.8,66.5,0
83.5,96.2,65.7,0
86.7,96.0,67.6,0
87.2,96.2,70.1,0
82.6,96.9,75.3,0
86.1,96.8,71.4,0
83.6,96.1,77.5,0
86.2,96.2,71.3,0
84.0,95.9,72.0,0
83.8,96.0,63.7,0
81.5,96.3,70.7,0
82.9,96.8,70.8,0
85.8,96.4,67.2,0
84.8,95.9,73.8,0
82.7,97.0,69.4,0
86.7,96.0,67.8,0
85.3,97.1,79.5,0
84.6,97.4,69.7,0
86.7,96.1,73.3,0
79.9,96.0,73.5,0
81.9,96.7,75.7,0
83.5,96.1,68.8,0
82.6,96.5,71.7,0
83.9,97.4,67.6,0
87.3,96.0,71.6,0
86.9,97.1,69.1,0
85.6,96.8,68.5,0
85.7,97.5,73.6,0
85.6,96.9,63.9,0
85.4,96.0,68.3,0
88.8,96.4,67.5,0
86.7,96.1,69.0,0
86.9,96.6,63.4,0
85.5,96.4,79.0,0
83.2,97.1,80.1,0
82.7,96.5,73.2,0
82.7,96.7,70.2,0
83.9,96.6,71.6,0
84.7,96.3,68.5,0
84.1,96.5,69.1,0
85.0,95.7,67.6,0
83.8,96.1,79.5,0
84.4,96.7,68.9,0
84.3,96.0,70.5,0
82.5,96.4,58.5,0
82.1,97.3,75.5,0
87.0,97.3,74.7,0
83.4,96.1,77.1,0
84.4,97.8,69.5,0
88.2,96.5,78.0,0
87.7,96.1,68.9,0
82.2,96.0,74.7,0
83.9,96.6,74.2,0
80.5,97.2,69.6,0
85.3,96.9,78.2,0
84.0,95.5,71.7,0
84.6,96.1,72.1,0
83.5,95.9,74.8,0
83.1,96.4,69.1,0
86.7,96.6,71.8,0
85.1,95.4,29.6,0
84.7,94.6,26.5,0
86.4,95.5,29.3,0
87.1,95.3,38.7,0
86.6,95.8,34.3,0
84.1,95.4,27.1,0
86.7,95.1,35.2,0
84.3,95.5,36.1,0
88.8,95.1,33.3,0
87.4,96.2,25.8,0
85.2,96.9,31.9,0
83.3,95.2,19.4,0
87.5,95.9,28.7,0
86.1,95.9,24.5,0
84.4,95.3,29.5,0
86.5,94.8,34.3,0
86.8,95.7,34.2,0
87.5,94.7,35.7,0
86.5,95.4,38.4,0
85.7,96.1,40.4,0
88.7,95.0,22.3,0
89.4,95.5,29.5,0
89.6,95.0,31.1,0
88.3,94.9,32.6,0
89.4,95.5,39.4,0
89.5,95.4,21.5,0
85.1,95.8,25.4,0
86.7,95.6,40.5,0
86.2,95.1,32.9,0
88.0,95.4,38.4,0
85.8,95.5,35.4,0
86.6,95.8,33.9,0
89.0,95.5,35.0,0
86.1,95.1,39.3,0
88.7,94.9,34.1,0
82.7,95.1,37.9,0
87.2,95.5,18.1,0
86.7,95.6,35.5,0
89.4,95.3,32.3,0
84.8,95.3,26.8,0
83.8,94.9,40.7,0
87.0,95.5,30.6,0
84.0,95.9,22.3,0
86.5,95.4,34.3,0
86.1,94.5,29.1,0
86.1,95.0,38.0,0
85.2,95.5,33.9,0
89.6,95.3,37.1,0
87.3,95.6,25.6,0
82.4,95.6,35.3,0
88.6,95.1,40.5,0
86.8,95.6,36.1,0
91.2,95.2,29.8,0
84.7,96.2,35.2,0
88.7,96.9,34.7,0
85.2,95.3,28.2,0
87.0,95.2,30.1,0
85.0,96.2,34.6,0
87.4,95.8,35.4,0
88.4,95.7,33.7,0
89.2,95.7,33.9,0
87.4,96.1,30.7,0
88.7,95.6,30.0,0
86.3,95.2,30.6,0
85.0,95.0,34.4,0
90.5,95.6,20.0,0
89.2,95.1,35.3,0
87.9,95.3,32.5,0
87.9,96.0,32.9,0
90.2,95.8,36.4,0
84.5,95.9,30.7,0
89.5,94.9,27.1,0
92.0,94.9,38.7,0
88.3,95.1,32.8,0
85.5,95.3,27.6,0
87.3,95.8,34.3,0
85.2,95.8,33.0,0
87.1,95.7,32.2,0
85.8,96.3,32.9,0
88.0,95.1,38.9,0
87.1,94.6,29.6,0
90.9,95.7,31.7,0
91.0,95.7,31.6,0
87.9,95.5,28.8,0
88.3,95.5,24.5,0
87.9,95.2,38.1,0
84.6,95.1,30.6,0
90.2,95.3,41.9,0
89.7,95.1,34.2,0
87.6,95.7,26.3,0
86.7,95.5,39.1,0
84.0,96.0,32.2,0
84.6,93.8,25.3,0
88.4,95.3,36.1,0
87.3,94.7,30.9,0
88.5,95.4,29.0,0
90.3,95.0,28.6,0
87.4,95.8,32.3,0
87.1,95.8,43.6,0
88.9,95.9,38.1,0
60.8,94.3,48.6,1
62.6,94.6,40.6,1
60.1,93.8,51.1,1
62.6,94.7,45.9,1
62.2,94.3,44.1,1
63.2,94.9,54.5,1
60.5,95.1,47.3,1
63.1,94.2,48.6,1
56.9,94.3,50.1,1
61.0,95.3,43.8,1
60.7,94.0,46.8,1
63.9,95.2,46.0,1
60.5,93.8,56.0,1
64.2,94.3,42.5,1
59.3,94.4,52.1,1
57.9,94.2,57.4,1
61.6,95.1,52.6,1
59.9,94.2,48.6,1
60.2,93.8,56.8,1
60.1,94.8,47.0,1
62.1,94.5,46.2,1
63.3,93.2,51.3,1
57.2,94.1,53.3,1
63.5,93.5,43.2,1
60.9,94.3,38.8,1
62.2,94.3,47.5,1
63.4,94.2,46.2,1
58.5,94.2,44.1,1
61.2,94.3,55.9,1
62.3,94.3,41.5,1
62.9,94.0,54.9,1
61.4,93.9,54.0,1
62.3,93.5,61.4,1
60.3,94.0,50.3,1
63.1,93.9,47.6,1
62.1,93.4,59.3,1
62.1,94.2,46.8,1
61.9,93.7,40.7,1
62.3,93.7,54.2,1
60.3,93.6,43.8,1
65.6,93.4,51.1,1
64.7,93.8,41.4,1
60.0,94.2,41.9,1
63.6,93.8,50.1,1
63.8,93.3,43.2,1
64.3,93.4,34.3,1
64.2,93.2,50.4,1
65.7,93.7,53.0,1
63.2,94.5,42.6,1
62.9,94.0,47.0,1
65.3,93.4,58.2,1
67.3,93.8,50.6,1
65.4,93.0,41.2,1
65.6,93.7,46.6,1
63.1,92.4,46.7,1
61.6,94.0,52.6,1
64.3,93.7,40.1,1
64.4,93.8,53.8,1
67.4,92.6,45.6,1
61.8,93.6,47.5,1
62.8,94.0,41.9,1
61.2,92.9,45.6,1
60.9,93.4,46.5,1
61.8,93.8,47.0,1
65.5,93.3,47.1,1
62.3,93.3,50.8,1
62.6,93.6,43.1,1
65.0,93.0,51.4,1
63.6,94.1,41.3,1
60.6,93.0,40.1,1
60.8,93.6,47.0,1
62.6,93.0,44.0,1
66.9,92.8,40.3,1
65.2,93.1,57.1,1
62.6,93.6,52.3,1
62.7,92.8,50.5,1
64.9,92.4,41.1,1
58.7,93.4,45.4,1
63.5,92.3,41.2,1
62.9,92.7,47.2,1
65.0,94.2,46.5,1
66.1,92.6,38.2,1
63.2,92.2,46.6,1
62.4,92.0,55.1,1
62.9,92.2,50.9,1
62.5,93.5,42.7,1
62.9,93.1,49.3,1
65.6,92.9,48.9,1
65.6,93.0,45.5,1
61.2,93.2,46.4,1
63.3,93.5,39.0,1
67.4,92.8,47.7,1
63.4,92.0,45.4,1
64.9,93.1,45.0,1
59.9,92.0,56.3,1
62.1,93.5,41.3,1
63.9,93.1,41.8,1
67.5,92.8,48.2,1
63.8,93.0,53.7,1
64.1,93.5,42.7,1
84.0,96.7,24.2,1
83.5,96.5,25.2,1
82.5,98.0,17.4,1
82.6,96.4,34.6,1
81.2,96.9,25.7,1
84.5,97.3,30.5,1
83.0,96.7,15.0,1
84.1,96.2,23.4,1
80.6,96.8,15.8,1
84.3,96.0,20.0,1
86.4,96.9,30.0,1
87.2,96.2,31.7,1
81.2,96.9,21.7,1
82.3,96.9,28.9,1
86.0,96.6,24.8,1
85.3,96.7,26.8,1
84.7,96.9,15.9,1
84.0,95.8,25.4,1
87.6,96.3,24.7,1
85.9,95.4,21.4,1
85.1,95.0,19.1,1
86.6,97.0,25.8,1
86.2,96.6,26.7,1
83.9,96.5,20.7,1
87.1,97.2,30.7,1
83.8,95.9,30.2,1
85.7,96.6,20.6,1
85.5,95.8,26.9,1
87.4,97.2,27.3,1
81.9,96.5,34.4,1
83.0,96.3,30.7,1
86.0,97.6,20.0,1
82.8,96.9,17.6,1
84.5,96.3,28.8,1
86.1,96.5,21.6,1
87.3,98.3,27.0,1
85.2,95.6,20.3,1
84.6,96.0,23.4,1
88.6,96.9,22.7,1
82.6,96.9,23.2,1
81.6,96.6,28.5,1
80.3,95.8,22.8,1
86.6,96.0,19.2,1
86.7,96.0,26.0,1
83.0,95.5,27.1,1
85.8,96.6,20.6,1
83.7,96.9,15.6,1
87.8,96.8,27.5,1
84.0,95.7,22.1,1
82.8,95.7,26.4,1
86.7,95.6,26.5,1
86.4,96.9,25.9,1
87.6,96.3,28.0,1
83.0,96.0,22.8,1
85.1,96.3,26.2,1
86.4,96.0,19.3,1
87.8,96.2,17.8,1
85.3,95.2,23.1,1
85.3,95.7,30.8,1
83.4,96.4,33.8,1
87.9,96.0,17.2,1
83.1,95.8,19.4,1
84.4,95.8,22.3,1
86.9,95.4,19.3,1
85.6,95.9,31.9,1
86.4,95.1,24.8,1
87.1,95.9,16.6,1
89.6,95.4,25.9,1
86.5,96.2,31.1,1
87.2,95.6,28.1,1
84.9,96.0,16.1,1
84.1,95.9,24.4,1
82.8,96.1,18.4,1
88.8,95.7,16.8,1
86.4,95.4,28.8,1
86.3,95.8,25.4,1
84.3,95.2,24.4,1
84.2,95.3,26.5,1
87.5,95.2,19.2,1
84.7,96.7,26.8,1
85.7,96.1,15.5,1
85.2,95.8,24.5,1
86.4,95.9,22.6,1
86.3,95.6,20.0,1
87.1,95.9,23.1,1
84.3,95.2,24.1,1
89.6,95.8,20.0,1
87.2,95.1,28.6,1
87.1,95.4,21.2,1
85.8,96.3,21.0,1
87.2,96.0,18.3,1
87.3,95.8,14.2,1
87.4,95.6,22.6,1
87.0,95.8,28.6,1
84.6,95.5,25.2,1
88.0,95.8,35.6,1
88.3,96.2,20.3,1
85.1,95.4,25.3,1
87.9,95.8,20.7,1
86.4,95.5,25.3,1
91.1,97.6,35.5,1
90.2,97.5,31.1,1
91.0,97.3,37.9,1
90.9,97.8,33.9,1
89.3,97.8,25.3,1
93.4,97.3,32.3,1
89.5,97.6,36.9,1
90.5,97.2,34.5,1
93.1,96.3,42.3,1
93.3,97.8,31.5,1
88.5,97.8,29.3,1
93.3,97.4,33.3,1
90.7,97.9,26.2,1
96.8,98.6,40.2,1
94.9,97.4,37.9,1
92.2,96.7,39.6,1
94.6,97.4,25.9,1
91.2,96.5,36.7,1
89.2,97.6,27.7,1
89.6,97.5,30.3,1
94.2,96.8,28.1,1
87.7,96.3,40.9,1
96.7,97.4,27.7,1
92.0,97.8,29.3,1
93.1,97.4,29.0,1
91.6,97.5,26.9,1
93.6,97.1,32.4,1
95.4,97.3,36.3,1
89.1,97.1,31.8,1
96.6,96.4,31.2,1
95.7,97.0,30.6,1
93.4,97.4,39.5,1
93.7,98.0,29.8,1
91.4,97.2,25.8,1
93.8,97.1,28.2,1
93.9,96.7,35.4,1
92.0,97.9,29.5,1
94.2,97.4,35.2,1
93.2,96.5,36.5,1
92.8,97.7,34.9,1
91.5,96.8,34.7,1
92.4,97.7,30.5,1
95.1,97.5,32.8,1
92.3,97.4,37.3,1
93.0,97.5,31.5,1
93.4,98.1,37.3,1
93.3,97.3,27.7,1
92.9,97.4,35.5,1
94.7,96.7,36.1,1
93.1,96.7,37.8,1
96.2,97.3,34.7,1
94.8,97.9,34.7,1
90.7,98.2,36.4,1
92.3,96.7,33.6,1
92.8,97.3,34.7,1
92.3,96.6,32.9,1
92.4,97.2,24.3,1
93.0,97.5,34.0,1
91.9,96.6,31.0,1
94.6,97.4,28.3,1
94.1,97.9,31.9,1
90.3,97.2,41.1,1
91.0,97.1,29.7,1
93.8,97.2,36.5,1
93.8,97.8,30.2,1
93.0,96.8,21.7,1
94.2,98.1,33.0,1
95.1,96.9,29.5,1
95.7,98.1,38.1,1
95.4,97.1,31.7,1
92.3,96.4,25.0,1
93.9,96.9,23.2,1
93.8,96.9,24.7,1
93.1,96.9,27.5,1
95.8,96.1,20.6,1
93.9,97.1,32.5,1
92.9,96.6,30.4,1
93.1,97.8,28.8,1
93.9,98.3,29.4,1
95.1,97.3,34.0,1
94.6,97.1,30.9,1
92.9,97.2,40.5,1
96.5,97.1,34.6,1
92.4,96.9,35.0,1
97.1,96.6,27.8,1
98.6,97.0,39.3,1
94.6,97.1,28.7,1
96.1,97.6,25.0,1
93.6,97.4,29.5,1
93.3,97.5,35.6,1
93.4,97.0,24.1,1
92.6,97.0,30.2,1
92.4,96.6,24.7,1
95.3,95.9,25.0,1
90.7,97.1,21.0,1
94.5,97.7,38.3,1
90.9,97.1,25.0,1
92.1,96.8,36.1,1
95.7,96.5,33.4,1
90.1,96.5,25.7,1
64.9,96.2,34.8,0
64.3,96.0,36.5,0
63.2,96.9,24.0,0
64.7,95.6,41.6,0
64.4,95.8,28.8,0
65.5,95.9,30.0,0
58.3,96.1,30.8,0
67.4,96.7,29.8,0
66.9,95.5,34.5,0
64.1,95.4,29.8,0
68.1,96.1,38.2,0
63.8,96.5,27.5,0
65.7,96.1,34.0,0
65.7,95.6,35.1,0
68.7,95.7,21.6,0
66.2,95.8,30.1,0
66.3,95.8,29.4,0
65.0,96.7,30.9,0
62.7,95.4,31.5,0
62.9,95.2,33.9,0
66.5,95.8,32.2,0
65.5,96.3,33.8,0
59.9,95.9,33.4,0
64.3,96.0,34.5,0
65.2,96.7,36.4,0
64.8,95.9,16.5,0
64.4,95.3,31.9,0
65.3,96.3,37.8,0
65.0,97.1,32.0,0
62.4,95.7,29.0,0
66.2,95.5,29.3,0
64.6,95.7,34.9,0
66.2,96.5,29.2,0
67.3,95.3,23.9,0
62.5,96.0,36.9,0
63.7,95.7,29.8,0
66.0,95.7,28.2,0
62.2,95.7,36.8,0
65.0,95.6,37.1,0
63.7,96.6,37.9,0
64.9,95.2,42.3,0
65.6,95.8,35.7,0
66.2,96.6,27.6,0
65.4,95.3,34.2,0
64.7,96.1,30.2,0
64.3,95.5,34.9,0
67.7,95.6,33.7,0
65.6,95.9,23.3,0
62.1,95.5,20.2,0
67.5,96.1,30.8,0
60.3,95.0,30.9,0
68.6,95.5,35.3,0
63.7,95.9,37.0,0
63.9,95.5,38.0,0
64.7,96.4,27.5,0
67.4,96.0,33.1,0
64.9,95.6,31.0,0
63.7,96.4,30.0,0
61.6,95.0,22.4,0
65.8,95.3,32.5,0
64.8,95.8,33.2,0
64.8,94.5,29.4,0
65.4,96.7,39.4,0
61.8,95.7,23.2,0
67.5,96.4,32.8,0
64.8,96.5,37.1,0
66.8,96.1,29.3,0
66.0,96.3,30.1,0
63.7,96.4,39.4,0
62.9,95.7,32.8,0
65.4,95.6,40.5,0
65.2,96.1,39.9,0
63.5,95.8,24.8,0
64.0,95.1,34.8,0
65.2,95.7,30.6,0
65.8,95.3,32.1,0
65.7,94.9,34.5,0
60.9,95.8,25.3,0
67.1,95.2,22.8,0
64.5,95.6,23.6,0
65.3,94.8,25.9,0
63.1,96.2,37.6,0
66.4,95.7,19.0,0
65.0,96.5,37.3,0
65.1,95.2,28.5,0
68.0,95.1,25.4,0
66.0,95.6,25.2,0
67.2,96.0,29.2,0
61.8,96.8,31.0,0
66.9,96.2,28.6,0
63.1,96.5,38.5,0
60.3,96.1,30.6,0
62.0,95.9,24.4,0
63.1,95.4,28.7,0
63.9,95.3,39.1,0
65.0,96.7,30.4,0
62.9,96.6,28.3,0
63.6,96.1,25.0,0
65.4,96.1,37.6,0
65.7,96.4,30.7,0
101.4,94.8,47.4,0
95.6,96.2,42.1,0
96.8,96.1,55.2,0
99.0,96.1,52.5,0
98.9,95.3,52.7,0
100.6,96.3,51.4,0
97.0,96.2,49.8,0
98.4,95.7,46.4,0
101.1,95.1,44.8,0
98.7,96.7,55.1,0
96.1,96.5,56.5,0
97.0,94.6,49.4,0
101.6,96.7,45.4,0
102.8,94.8,47.9,0
98.5,96.4,56.3,0
101.2,95.2,54.1,0
100.3,95.0,39.4,0
101.4,95.8,43.3,0
98.9,96.1,49.3,0
96.2,96.8,54.8,0
98.6,95.7,51.5,0
97.1,96.1,43.1,0
99.2,95.3,44.1,0
102.6,95.9,50.7,0
95.3,95.6,52.0,0
99.7,94.8,50.7,0
100.0,96.6,46.4,0
94.8,95.4,44.2,0
100.8,94.6,47.4,0
102.1,95.9,54.1,0
96.0,95.1,56.8,0
99.5,96.0,44.1,0
99.5,95.4,55.6,0
104.7,96.2,46.5,0
94.2,95.1,57.4,0
97.2,95.8,52.9,0
102.2,95.8,47.6,0
99.4,95.6,46.7,0
100.1,96.0,60.3,0
100.1,96.5,44.2,0
100.3,95.6,51.6,0
100.6,96.0,61.6,0
102.1,96.6,53.4,0
102.8,95.3,56.4,0
97.3,95.7,52.4,0
101.7,95.4,47.0,0
99.4,95.9,53.8,0
106.1,96.2,45.9,0
96.6,95.8,44.8,0
100.2,96.2,47.2,0
103.2,95.6,48.9,0
100.5,96.4,55.9,0
100.1,96.5,46.2,0
101.1,96.5,57.1,0
95.9,95.6,53.6,0
93.9,96.3,54.8,0
98.1,95.8,44.1,0
98.2,95.8,46.1,0
97.7,95.9,48.0,0
103.0,95.8,51.2,0
98.1,95.7,40.9,0
96.1,95.4,50.4,0
101.4,95.1,46.7,0
96.5,95.9,54.8,0
98.3,96.0,56.7,0
100.1,95.7,50.2,0
97.5,96.3,52.0,0
96.5,96.1,48.8,0
100.3,96.5,51.8,0
98.6,96.5,45.0,0
96.5,94.5,49.0,0
97.5,96.3,39.5,0
97.9,96.3,44.2,0
100.0,95.8,49.2,0
100.4,96.6,49.8,0
97.5,95.9,52.5,0
97.1,96.0,47.4,0
99.0,95.6,40.1,0
100.2,96.6,40.4,0
99.9,96.6,52.3,0
98.3,95.6,49.7,0
99.7,96.2,48.4,0
97.0,96.3,51.6,0
99.6,96.2,57.7,0
97.9,96.8,45.6,0
101.4,96.7,47.8,0
102.5,96.4,44.9,0
98.4,96.7,53.9,0
97.0,96.1,50.3,0
98.1,97.3,50.4,0
99.0,96.7,47.4,0
101.1,95.3,47.0,0
101.2,96.9,45.4,0
97.3,96.4,46.1,0
98.6,96.6,46.5,0
95.2,95.5,49.3,0
95.4,96.0,42.2,0
102.4,97.2,43.9,0
99.6,95.7,47.6,0
102.7,95.9,47.7,0
85.1,94.3,66.7,1
79.9,95.6,57.0,1
81.8,94.8,56.0,1
83.2,94.5,55.0,1
81.3,94.4,52.1,1
80.5,94.7,58.3,1
83.1,95.9,45.1,1
83.8,94.9,60.2,1
84.3,94.8,56.9,1
81.4,95.2,46.7,1
84.5,94.9,53.6,1
82.5,94.8,62.5,1
89.4,95.5,53.2,1
84.2,95.2,51.3,1
80.4,94.8,60.0,1
79.8,94.5,58.8,1
83.1,95.5,48.8,1
87.7,94.0,45.7,1
82.9,94.2,55.7,1
82.9,94.7,51.6,1
83.9,94.6,61.3,1
82.7,94.3,47.3,1
82.7,94.1,49.0,1
84.2,93.8,62.8,1
83.4,94.7,50.5,1
84.7,94.7,52.3,1
83.5,93.8,47.5,1
80.9,94.8,55.6,1
85.3,94.2,58.5,1
83.0,94.2,57.5,1
83.1,94.3,55.8,1
83.0,94.5,53.5,1
80.6,94.6,51.5,1
81.2,94.5,59.2,1
83.6,94.3,52.6,1
84.6,93.3,59.5,1
79.6,93.8,52.9,1
87.7,95.4,59.0,1
84.0,93.6,56.2,1
82.3,94.1,56.2,1
82.4,94.9,45.7,1
83.5,94.0,53.3,1
84.0,93.9,56.1,1
83.0,94.1,52.9,1
83.1,94.0,55.3,1
82.9,94.1,63.2,1
84.3,94.2,56.0,1
81.4,94.2,53.6,1
81.0,94.6,52.7,1
82.8,94.1,70.0,1
82.2,93.3,47.1,1
85.1,95.0,51.7,1
86.1,94.7,54.1,1
83.0,94.4,59.5,1
84.4,94.0,54.2,1
87.6,94.4,59.4,1
84.7,94.4,55.5,1
85.4,94.6,56.3,1
82.3,94.4,54.6,1
83.0,95.6,47.2,1
85.6,93.8,55.6,1
88.8,93.7,51.3,1
83.7,93.8,59.3,1
82.7,94.5,48.2,1
80.1,94.0,47.0,1
86.8,93.4,49.6,1
84.6,93.8,47.2,1
87.9,93.6,53.8,1
83.4,94.5,57.0,1
82.2,93.9,53.6,1
85.3,93.5,64.8,1
82.3,94.1,48.9,1
81.3,93.6,49.8,1
83.0,93.5,58.1,1
82.3,93.6,52.6,1
85.9,94.1,54.1,1
81.1,93.4,48.2,1
86.6,94.3,50.2,1
82.8,93.6,50.1,1
84.9,93.8,64.9,1
86.5,94.6,57.8,1
83.2,94.2,52.7,1
87.3,94.1,55.7,1
84.3,94.8,47.2,1
87.7,93.8,47.3,1
82.6,93.1,57.6,1
82.0,93.9,60.0,1
82.8,93.7,47.8,1
83.3,95.1,58.2,1
83.6,93.5,54.0,1
84.4,93.6,56.9,1
82.3,93.3,56.1,1
81.8,94.1,54.1,1
80.5,93.8,45.7,1
85.6,93.6,63.4,1
86.4,93.2,44.0,1
82.7,93.1,63.2,1
84.2,94.2,52.7,1
83.9,93.7,59.6,1
84.9,93.2,62.1,1
59.8,94.7,59.6,0
62.2,94.8,62.1,0
60.8,94.6,58.3,0
58.3,95.0,49.6,0
58.9,93.9,56.5,0
64.2,94.8,60.6,0
65.7,95.1,53.5,0
59.7,94.9,54.2,0
59.9,95.4,62.5,0
57.7,94.5,55.0,0
62.2,95.5,70.9,0
60.0,94.7,60.3,0
59.6,94.8,55.3,0
55.7,94.9,56.4,0
63.5,94.9,51.1,0
60.5,93.8,51.3,0
62.2,94.8,62.0,0
57.0,94.8,55.0,0
62.9,95.2,60.6,0
64.1,94.7,64.0,0
58.9,94.3,61.1,0
58.0,95.2,57.9,0
63.1,94.8,57.6,0
62.0,94.5,53.8,0
61.9,94.9,55.3,0
60.8,95.7,55.2,0
60.0,94.0,57.2,0
62.3,95.3,57.9,0
62.9,95.2,62.9,0
63.0,95.7,56.5,0
58.3,95.2,61.3,0
64.1,95.5,67.1,0
62.2,95.0,50.5,0
61.6,94.6,58.4,0
61.1,95.1,56.9,0
62.9,93.5,58.3,0
63.4,95.8,61.0,0
64.4,94.9,57.4,0
62.0,94.9,53.5,0
60.0,94.3,60.0,0
61.0,94.7,54.6,0
62.0,95.2,51.7,0
58.4,95.3,50.5,0
62.1,95.7,65.5,0
62.5,95.2,68.7,0
56.3,94.6,61.6,0
60.3,95.5,57.2,0
61.3,94.7,54.8,0
59.9,95.0,53.5,0
62.9,95.2,62.9,0
58.7,94.0,57.4,0
66.8,95.5,54.6,0
61.8,95.2,50.6,0
63.7,94.8,57.0,0
61.0,95.4,53.6,0
57.6,95.0,47.2,0
60.4,95.4,60.3,0
63.1,95.1,69.5,0
59.8,95.0,55.2,0
62.9,94.8,66.0,0
59.9,95.5,60.4,0
60.9,95.1,58.7,0
61.7,94.7,53.9,0
60.3,94.0,61.6,0
58.5,94.7,60.7,0
62.7,93.9,57.0,0
61.9,94.9,64.2,0
59.4,93.8,61.5,0
59.9,93.9,56.6,0
63.5,94.2,69.1,0
59.3,94.9,51.3,0
61.1,94.8,50.0,0
66.7,94.6,55.0,0
62.9,95.7,63.1,0
58.6,94.9,48.0,0
62.8,94.0,53.4,0
61.0,95.0,56.1,0
64.0,95.2,60.7,0
58.5,95.7,53.4,0
64.5,95.8,60.0,0
63.1,93.3,56.5,0
63.2,95.3,51.4,0
60.4,93.5,59.5,0
57.2,95.4,63.4,0
60.1,95.1,56.4,0
61.5,94.2,60.6,0
57.7,93.9,56.9,0
60.6,94.9,54.2,0
64.8,94.9,58.6,0
61.4,95.3,60.3,0
61.9,95.2,48.3,0
57.4,94.8,56.5,0
62.2,94.8,60.4,0
58.5,94.8,50.8,0
61.8,93.9,59.2,0
58.1,94.6,62.0,0
61.5,94.0,54.1,0
58.0,93.9,58.1,0
62.1,95.0,60.5,0
61.0,94.7,52.1,0
76.3,97.5,28.4,0
75.8,98.6,28.1,0
76.1,98.0,23.4,0
75.2,98.0,30.8,0
77.6,98.1,29.2,0
73.0,98.5,26.9,0
78.0,98.9,29.5,0
74.4,98.2,32.2,0
75.8,97.9,33.3,0
77.5,98.0,22.2,0
77.4,97.8,31.5,0
76.8,97.3,30.9,0
77.5,98.5,31.1,0
72.5,98.9,32.6,0
74.0,97.8,31.7,0
77.8,98.0,34.7,0
72.8,97.7,20.2,0
74.6,99.0,40.8,0
76.9,97.9,29.4,0
77.4,97.5,27.7,0
79.3,97.7,26.8,0
76.4,98.4,27.5,0
76.6,98.6,40.4,0
76.2,98.2,38.2,0
75.3,97.6,31.9,0
78.5,98.4,30.1,0
73.5,98.2,36.8,0
73.9,98.1,28.7,0
75.0,98.4,32.9,0
77.2,97.8,22.4,0
76.9,98.0,39.9,0
80.1,99.3,26.0,0
77.5,98.7,34.5,0
75.6,98.9,30.7,0
76.6,97.5,33.9,0
75.8,98.5,31.9,0
76.7,98.3,34.7,0
75.9,97.6,33.6,0
74.7,97.6,25.6,0
76.9,98.2,20.1,0
75.6,98.9,28.5,0
76.0,98.8,34.7,0
78.4,96.9,39.4,0
77.6,99.5,26.9,0
72.8,98.3,29.4,0
77.6,98.8,30.4,0
75.8,98.6,29.5,0
75.6,98.8,37.1,0
78.5,98.2,20.1,0
76.0,97.9,30.2,0
74.9,98.3,25.7,0
73.7,98.9,26.0,0
76.3,98.8,35.4,0
77.9,98.5,34.5,0
79.0,98.5,21.7,0
75.2,98.7,27.8,0
79.5,98.3,31.3,0
78.5,98.2,31.8,0
78.0,97.6,29.5,0
77.9,98.4,38.3,0
73.1,97.5,34.8,0
78.0,98.2,33.0,0
77.7,97.9,27.4,0
76.6,98.8,25.1,0
75.8,98.2,33.1,0
76.2,98.1,37.2,0
75.1,98.2,23.0,0
74.8,98.6,32.6,0
77.4,98.6,41.5,0
74.7,97.6,25.8,0
74.8,97.9,31.5,0
78.7,99.1,33.6,0
80.5,98.2,22.9,0
78.3,97.5,27.3,0
77.2,98.3,30.1,0
73.8,98.4,36.1,0
76.2,98.0,24.9,0
74.5,98.6,32.8,0
74.6,97.3,33.2,0
74.4,98.7,27.3,0
74.2,98.5,42.9,0
77.6,98.5,32.9,0
72.6,97.8,18.6,0
79.6,99.2,33.1,0
76.4,97.6,30.1,0
79.7,98.5,28.4,0
72.6,99.1,30.8,0
72.6,97.9,24.8,0
75.8,98.5,28.7,0
77.7,98.4,36.5,0
75.4,99.9,28.4,0
74.3,97.9,30.2,0
72.7,98.6,21.7,0
76.4,97.7,29.4,0
77.3,99.6,25.9,0
75.8,98.1,26.9,0
74.6,98.8,28.8,0
80.6,98.6,26.2,0
75.3,98.0,35.3,0
72.8,97.8,28.4,0
73.7,96.7,74.2,0
77.3,96.5,80.5,0
79.2,96.9,80.2,0
76.5,96.5,76.2,0
76.9,97.8,80.1,0
78.2,96.1,84.3,0
78.8,96.9,80.3,0
79.3,97.1,80.6,0
77.0,96.9,74.7,0
75.8,96.4,70.5,0
78.9,96.0,76.8,0
76.8,96.5,77.5,0
77.0,96.4,76.9,0
75.6,97.0,68.7,0
76.7,96.2,81.3,0
74.2,96.2,78.7,0
79.2,96.6,73.2,0
76.1,96.9,73.2,0
76.9,96.4,77.2,0
82.4,96.2,81.4,0
75.5,96.7,83.5,0
75.8,96.4,74.7,0
74.7,96.9,76.4,0
72.1,97.3,75.1,0
76.4,97.2,78.4,0
76.6,95.8,70.9,0
76.6,96.6,80.6,0
75.9,96.4,69.9,0
77.8,96.5,89.0,0
76.9,95.9,78.8,0
76.2,96.6,79.2,0
74.3,95.6,80.4,0
79.6,96.4,83.1,0
78.8,96.5,75.0,0
77.1,97.0,81.7,0
78.2,96.1,78.1,0
76.5,96.3,84.9,0
72.0,96.4,78.7,0
73.9,96.7,75.4,0
75.9,97.3,84.1,0
77.8,96.5,78.2,0
80.6,96.7,75.3,0
73.8,96.6,78.7,0
73.7,96.5,77.7,0
77.6,96.5,76.0,0
77.8,96.1,76.8,0
75.5,96.9,77.6,0
79.2,97.2,75.3,0
70.6,96.8,77.3,0
74.7,96.0,76.9,0
79.0,96.4,85.4,0
77.4,96.1,77.0,0
77.5,96.7,84.0,0
75.9,96.4,81.9,0
75.6,95.7,74.9,0
75.9,96.6,85.3,0
73.6,96.0,77.2,0
77.9,96.0,76.8,0
73.5,96.5,78.1,0
75.0,96.1,84.6,0
74.2,95.8,85.2,0
76.4,96.6,80.9,0
76.1,96.1,83.1,0
78.5,96.8,73.0,0
78.8,96.1,75.1,0
75.8,96.7,81.6,0
75.6,96.7,79.6,0
75.0,95.9,81.0,0
75.9,95.5,83.1,0
75.1,97.0,71.9,0
75.7,95.9,74.0,0
75.1,97.1,79.6,0
74.4,95.3,70.3,0
74.9,95.9,77.8,0
71.4,96.2,84.0,0
79.2,95.3,74.9,0
74.2,96.3,72.8,0
79.3,96.2,78.2,0
79.1,96.2,80.8,0
74.4,95.5,75.8,0
80.2,96.5,80.2,0
73.9,96.6,72.0,0
72.7,95.9,88.6,0
79.6,95.9,75.4,0
72.5,96.2,79.6,0
77.3,96.6,77.8,0
76.9,95.8,81.5,0
74.7,96.4,80.7,0
75.8,96.5,70.9,0
73.6,96.0,71.6,0
74.9,96.0,85.3,0
75.9,96.7,80.3,0
74.6,96.2,82.4,0
78.0,96.1,70.5,0
72.2,96.0,67.1,0
79.2,96.4,75.6,0
73.3,96.6,73.2,0
73.5,95.7,79.3,0
76.8,96.7,84.0,0
75.5,96.6,75.4,0
83.4,97.3,62.4,1
78.4,98.5,67.8,1
78.6,98.5,73.6,1
80.0,97.7,70.2,1
79.6,98.0,66.2,1
82.0,98.2,73.9,1
82.9,98.3,66.2,1
82.3,98.3,81.8,1
80.9,98.4,70.2,1
80.1,97.9,70.2,1
81.4,98.6,70.2,1
79.4,97.9,62.1,1
83.7,97.7,73.5,1
81.0,98.2,68.0,1
78.9,97.5,77.3,1
80.7,98.5,75.5,1
79.7,98.2,68.8,1
78.3,97.9,71.5,1
79.6,97.8,67.7,1
84.9,97.0,71.0,1
80.2,97.6,67.1,1
82.1,98.3,69.4,1
83.0,98.5,72.6,1
79.7,98.1,71.0,1
79.2,97.1,58.3,1
81.0,98.0,62.5,1
83.0,97.9,75.2,1
81.7,97.3,70.7,1
82.4,97.5,61.2,1
81.3,97.3,74.0,1
80.3,98.7,57.7,1
81.4,98.5,63.9,1
80.8,97.6,64.9,1
81.7,97.1,67.7,1
82.3,97.6,63.3,1
83.3,98.1,63.1,1
78.7,97.2,71.0,1
81.9,98.1,66.6,1
79.5,98.2,65.4,1
81.8,96.9,65.3,1
83.5,97.3,72.3,1
76.8,97.4,67.3,1
85.0,97.1,71.5,1
83.7,97.3,66.3,1
81.9,96.9,65.8,1
84.2,97.9,67.3,1
81.9,97.9,71.9,1
80.6,98.4,74.6,1
83.1,97.2,62.9,1
81.2,97.6,59.2,1
82.8,98.2,70.9,1
80.5,97.1,69.5,1
81.6,97.8,71.0,1
84.1,97.0,69.1,1
81.3,97.5,72.3,1
84.0,98.2,70.1,1
81.9,97.4,59.2,1
84.8,97.3,70.4,1
83.5,96.8,63.3,1
85.3,97.6,65.0,1
82.0,98.0,72.5,1
79.3,98.2,72.7,1
82.0,96.8,73.1,1
83.3,96.7,66.6,1
88.6,97.4,64.1,1
80.4,98.3,72.0,1
85.3,97.5,74.0,1
80.8,97.4,69.2,1
85.3,97.5,64.6,1
82.7,96.5,56.1,1
84.3,97.1,66.4,1
84.3,98.0,70.3,1
86.5,97.5,69.1,1
83.2,96.6,72.4,1
77.9,97.0,67.7,1
81.2,97.0,76.8,1
85.0,96.9,65.2,1
80.3,97.6,66.3,1
79.0,97.3,69.7,1
84.9,97.2,65.7,1
87.0,97.2,71.1,1
81.9,97.5,60.2,1
82.1,96.6,64.4,1
85.6,96.8,71.0,1
86.2,97.1,72.4,1
84.2,97.2,71.2,1
86.9,96.8,62.6,1
81.2,97.6,73.0,1
82.2,96.0,64.0,1
84.4,97.1,68.3,1
82.3,97.6,69.0,1
84.6,97.1,69.9,1
84.4,96.6,69.2,1
85.1,97.6,69.4,1
81.6,96.6,65.1,1
83.9,97.0,61.6,1
81.3,95.9,51.6,1
83.4,98.1,76.2,1
81.7,97.1,59.9,1
81.1,96.4,66.1,1
78.7,98.9,66.5,0
78.0,98.5,61.9,0
85.1,98.3,71.6,0
83.9,98.1,68.6,0
82.9,98.6,70.0,0
79.1,98.8,65.8,0
82.5,99.0,71.5,0
82.5,98.9,71.6,0
84.8,98.6,69.0,0
83.7,98.3,61.5,0
82.9,98.5,62.2,0
82.9,99.3,60.1,0
83.9,97.3,66.2,0
85.6,98.4,68.7,0
83.5,97.8,68.6,0
82.1,99.5,62.1,0
81.2,98.2,63.1,0
84.2,98.6,65.5,0
81.0,98.3,65.9,0
79.5,98.5,66.5,0
80.5,98.7,69.5,0
80.9,98.6,79.1,0
86.3,98.1,63.7,0
80.0,99.2,66.3,0
82.6,99.7,68.2,0
83.5,98.9,65.3,0
84.2,98.2,75.0,0
81.0,98.4,62.9,0
80.3,98.5,56.1,0
81.7,98.4,72.3,0
83.0,98.3,66.0,0
81.7,99.4,64.2,0
80.8,98.1,60.9,0
82.8,98.8,74.7,0
84.3,99.9,68.0,0
81.7,98.1,71.8,0
82.5,99.0,62.6,0
83.0,98.8,69.0,0
80.9,99.3,78.6,0
80.1,99.1,54.0,0
83.7,97.8,65.7,0
79.7,98.6,72.6,0
78.6,98.6,65.8,0
85.5,99.0,62.5,0
81.4,99.5,72.0,0
80.6,98.6,67.2,0
81.3,97.9,65.0,0
85.2,98.6,67.9,0
82.7,99.9,68.4,0
84.7,98.5,67.1,0
82.5,98.4,67.4,0
84.3,98.4,68.4,0
83.9,98.4,73.9,0
82.7,98.7,58.4,0
81.8,99.0,77.2,0
83.7,99.4,62.4,0
82.3,99.4,64.0,0
84.5,99.2,69.8,0
81.9,98.3,77.3,0
83.9,99.0,66.4,0
82.7,98.9,70.5,0
84.1,98.4,61.1,0
82.8,98.0,66.9,0
81.7,99.1,78.4,0
78.8,100.0,67.3,0
83.4,98.1,73.5,0
82.8,98.8,58.8,0
82.9,99.3,67.3,0
85.1,99.4,65.3,0
86.0,98.9,68.8,0
83.0,98.9,55.4,0
82.4,98.2,76.6,0
86.0,99.3,67.3,0
80.8,98.6,78.2,0
81.5,97.7,73.7,0
85.9,99.7,73.7,0
85.3,98.9,58.2,0
82.9,99.2,67.9,0
82.5,98.4,63.5,0
86.6,99.9,68.5,0
83.5,98.4,71.8,0
86.5,98.2,70.9,0
84.0,99.2,76.8,0
87.1,98.8,71.9,0
83.2,98.6,69.9,0
84.4,99.1,64.2,0
82.1,98.7,64.4,0
83.7,99.2,73.5,0
81.3,98.7,76.4,0
82.7,99.0,67.7,0
85.4,99.6,74.2,0
83.2,98.5,78.2,0
84.8,98.7,75.7,0
82.1,99.7,76.0,0
81.3,99.3,72.5,0
88.4,98.6,75.8,0
83.2,98.4,68.0,0
83.2,98.5,70.2,0
85.1,99.1,65.9,0
82.9,99.0,69.7,0
72.6,96.1,59.0,0
66.2,96.2,49.8,0
68.9,97.5,56.7,0
67.3,96.2,52.6,0
67.1,97.1,60.5,0
69.7,95.8,53.6,0
72.1,96.1,39.7,0
73.8,96.1,56.8,0
71.2,96.2,58.9,0
68.1,95.4,56.5,0
71.8,95.7,51.5,0
71.4,95.7,53.1,0
68.2,95.9,47.2,0
67.9,96.1,56.2,0
71.2,96.9,62.7,0
70.7,95.9,52.0,0
68.9,96.2,59.2,0
70.1,95.9,59.0,0
71.4,96.4,54.9,0
67.2,95.5,51.7,0
69.4,96.2,48.0,0
67.8,96.1,50.6,0
69.7,95.8,51.4,0
68.9,96.1,50.8,0
68.3,96.2,51.2,0
65.5,95.2,52.9,0
66.1,95.7,63.3,0
66.0,95.8,65.7,0
69.6,95.7,54.2,0
69.6,96.8,52.4,0
67.2,95.2,55.5,0
65.9,95.7,50.5,0
70.8,95.6,57.0,0
65.5,96.0,49.0,0
67.8,97.0,59.6,0
68.4,97.5,50.4,0
71.0,95.1,53.7,0
65.9,96.0,55.2,0
68.0,96.4,52.1,0
69.2,96.3,47.5,0
67.1,95.9,58.1,0
71.4,95.7,53.4,0
66.8,96.0,53.5,0
68.0,95.8,57.7,0
67.4,95.5,57.1,0
62.5,95.5,49.2,0
70.9,95.6,52.1,0
68.4,95.5,52.9,0
68.7,95.6,52.8,0
66.4,95.2,55.2,0
69.1,95.1,58.7,0
70.0,96.3,56.4,0
69.7,96.9,53.4,0
66.3,95.0,63.7,0
71.9,95.3,51.2,0
67.7,96.4,48.4,0
64.4,96.9,56.4,0
69.3,95.7,57.2,0
65.3,95.4,55.4,0
63.8,95.6,53.0,0
67.7,95.5,49.9,0
64.7,95.8,53.3,0
65.5,95.8,53.4,0
67.4,94.7,58.2,0
65.8,95.8,50.8,0
67.5,96.3,57.5,0
70.5,95.9,56.8,0
64.7,95.6,53.7,0
70.7,95.5,56.1,0
68.7,96.3,54.1,0
69.8,94.9,46.7,0
63.6,96.1,58.1,0
70.0,95.4,52.0,0
67.9,96.5,63.2,0
69.7,95.9,61.4,0
67.6,95.5,54.1,0
66.2,95.6,49.2,0
70.1,96.0,61.9,0
64.8,96.7,46.9,0
65.7,95.4,61.3,0
68.5,95.6,50.8,0
65.3,96.3,58.7,0
70.7,95.9,41.5,0
65.5,95.9,52.9,0
66.9,95.1,59.4,0
68.9,95.9,51.5,0
68.3,95.0,54.0,0
62.9,94.9,53.1,0
72.7,94.8,48.5,0
68.4,96.6,55.7,0
69.3,95.5,52.1,0
68.1,95.3,58.3,0
64.7,96.1,54.9,0
67.5,94.8,49.8,0
70.3,95.5,56.0,0
66.1,95.6,47.8,0
68.1,95.8,56.2,0
66.0,95.5,57.3,0
67.4,95.5,64.1,0
65.9,96.2,48.8,0
84.8,98.2,30.7,0
86.5,97.5,37.7,0
86.0,97.5,34.8,0
85.1,97.4,43.5,0
86.3,97.0,35.0,0
88.9,97.7,45.6,0
85.4,98.4,43.3,0
88.0,97.4,33.4,0
89.4,97.7,43.0,0
86.3,98.2,31.2,0
85.9,97.7,39.2,0
87.4,98.3,35.7,0
85.3,98.2,33.0,0
89.4,98.0,36.5,0
88.1,98.0,29.8,0
85.1,98.6,38.5,0
83.9,98.3,35.3,0
85.5,97.5,43.1,0
83.4,97.7,38.7,0
90.5,98.4,33.9,0
90.4,97.4,39.5,0
88.3,97.6,41.6,0
86.3,98.4,28.9,0
88.1,97.9,43.9,0
87.3,98.7,40.7,0
87.2,98.5,42.1,0
88.4,96.9,33.2,0
90.2,97.4,42.6,0
88.9,97.7,28.2,0
86.4,99.1,33.9,0
85.9,97.6,44.2,0
87.1,97.7,45.2,0
88.7,97.6,32.1,0
89.9,98.1,30.4,0
84.0,97.5,32.0,0
83.5,97.5,33.6,0
86.7,98.9,36.9,0
87.3,98.3,37.0,0
88.5,98.2,38.8,0
93.2,98.5,32.8,0
88.5,97.6,40.4,0
85.0,97.5,39.9,0
89.8,98.3,42.5,0
88.5,98.1,35.7,0
89.4,98.5,37.9,0
87.6,98.8,38.1,0
88.0,98.3,37.7,0
86.2,98.2,38.0,0
91.6,98.4,35.3,0
89.4,98.2,44.8,0
86.9,98.1,37.7,0
88.0,97.6,41.1,0
88.8,98.7,38.2,0
87.1,98.4,34.3,0
90.2,98.6,44.5,0
88.8,97.8,38.8,0
88.8,97.7,44.9,0
89.2,97.6,47.7,0
88.3,97.5,34.1,0
91.1,98.9,43.3,0
90.7,98.6,41.1,0
88.8,98.3,42.0,0
86.7,98.4,45.6,0
87.7,97.8,40.7,0
86.9,97.3,44.0,0
87.3,98.0,35.2,0
90.8,98.4,37.1,0
85.9,97.8,41.2,0
88.6,98.0,39.4,0
89.8,98.0,40.6,0
86.3,99.3,36.9,0
88.7,98.3,36.3,0
88.3,98.0,33.7,0
89.2,97.2,47.1,0
90.0,98.3,29.6,0
86.8,98.7,59.1,0
90.8,98.5,41.0,0
86.7,98.5,32.8,0
86.0,97.3,43.2,0
88.4,98.0,38.3,0
86.2,97.6,35.2,0
85.7,97.7,32.9,0
89.7,98.3,31.9,0
88.0,98.9,33.5,0
89.4,98.0,43.8,0
89.2,97.7,38.7,0
88.8,97.9,31.8,0
91.1,98.5,33.1,0
88.0,97.8,32.6,0
84.9,97.6,36.6,0
85.8,98.0,44.2,0
90.4,97.9,29.2,0
90.1,98.0,40.5,0
92.6,97.5,24.0,0
86.6,98.2,38.5,0
86.3,97.2,36.6,0
86.3,98.2,36.3,0
87.6,97.6,39.7,0
88.9,98.0,39.3,0
88.7,97.4,34.8,0
77.6,95.1,38.8,0
81.8,95.9,34.1,0
78.1,95.2,35.5,0
76.5,95.7,35.8,0
78.1,94.5,35.1,0
74.4,94.9,31.9,0
78.8,96.1,37.6,0
81.1,95.5,40.4,0
82.0,94.8,30.8,0
79.6,95.2,35.8,0
77.8,94.9,42.8,0
76.1,95.5,37.4,0
75.1,94.7,31.4,0
79.4,95.0,34.3,0
75.4,96.3,35.1,0
79.3,94.9,31.5,0
82.1,94.2,36.1,0
75.9,94.9,31.5,0
76.3,95.2,21.9,0
77.7,95.1,27.9,0
81.3,94.8,33.5,0
77.1,95.1,41.3,0
83.3,95.5,40.2,0
81.8,95.2,42.6,0
79.9,95.2,36.5,0
74.7,95.3,27.0,0
75.1,95.2,29.1,0
78.3,95.2,35.6,0
76.5,95.5,34.3,0
79.2,94.5,33.8,0
80.6,95.6,30.7,0
77.3,94.6,31.4,0
75.6,95.0,37.9,0
76.8,95.0,33.6,0
80.5,94.8,31.8,0
76.7,94.5,37.4,0
78.1,95.1,41.1,0
81.1,94.2,37.9,0
78.9,94.8,36.3,0
75.0,95.8,37.3,0
76.7,94.8,26.2,0
77.8,94.8,28.1,0
80.0,95.7,34.6,0
77.8,95.3,34.6,0
76.3,94.7,33.2,0
78.9,95.0,35.7,0
75.4,95.4,34.7,0
83.6,94.8,36.3,0
84.1,95.1,34.4,0
76.5,95.8,28.9,0
79.3,94.8,33.7,0
75.6,95.7,33.3,0
76.0,95.6,32.2,0
79.1,95.4,37.1,0
74.1,95.4,34.2,0
77.8,94.9,26.6,0
78.9,94.3,33.2,0
78.8,95.5,30.6,0
81.4,95.5,32.5,0
76.3,94.3,36.0,0
77.0,95.6,31.3,0
76.7,95.1,31.2,0
78.5,95.5,35.3,0
78.8,95.1,26.2,0
79.3,95.1,39.1,0
79.8,94.9,39.8,0
78.0,95.1,33.1,0
79.5,94.8,42.9,0
82.6,95.4,42.4,0
75.5,94.2,33.1,0
78.6,94.8,26.4,0
80.9,96.0,41.1,0
80.7,95.1,30.4,0
78.7,96.0,32.9,0
77.7,95.5,40.5,0
76.9,94.8,32.1,0
78.7,95.5,30.6,0
80.8,95.0,46.3,0
79.2,94.9,37.5,0
77.9,94.0,33.4,0
78.1,94.1,34.3,0
74.5,94.7,35.9,0
78.8,94.7,34.2,0
77.1,94.9,34.9,0
76.8,95.0,35.9,0
78.3,96.1,33.9,0
78.1,94.7,29.8,0
80.0,94.5,31.8,0
77.6,94.4,25.9,0
77.7,95.3,35.6,0
81.8,95.3,37.3,0
82.4,94.8,34.9,0
78.7,95.6,34.6,0
77.4,95.2,30.5,0
79.8,95.1,33.7,0
79.8,94.1,35.4,0
77.8,96.3,35.4,0
77.5,94.2,41.1,0
78.0,94.5,36.3,0
80.0,95.2,34.7,0
90.1,94.5,14.2,1
86.9,94.6,30.7,1
88.0,94.1,21.1,1
90.0,94.2,16.6,1
88.3,93.9,22.3,1
88.3,94.4,20.9,1
89.8,94.1,22.3,1
92.4,93.5,15.9,1
90.1,94.0,16.6,1
88.0,94.0,19.0,1
87.9,94.4,19.6,1
93.1,93.9,24.2,1
90.4,92.6,17.0,1
90.7,94.0,13.7,1
90.8,93.3,23.8,1
90.9,94.2,27.9,1
91.9,94.2,20.8,1
96.7,93.2,19.9,1
92.9,94.1,24.9,1
92.5,92.7,30.4,1
90.8,94.3,12.2,1
91.7,93.4,25.2,1
91.9,93.9,17.0,1
91.2,93.6,24.8,1
93.3,93.7,15.9,1
91.6,94.9,30.4,1
85.5,93.6,26.8,1
91.1,93.4,20.8,1
92.6,93.0,28.0,1
91.4,93.1,27.7,1
88.5,93.2,19.2,1
95.9,93.2,11.2,1
90.5,93.7,25.9,1
96.2,94.2,22.8,1
89.9,94.3,20.0,1
90.4,93.2,15.6,1
90.9,93.3,25.4,1
91.0,92.8,13.7,1
92.3,93.4,18.9,1
91.0,93.5,28.6,1
90.4,93.4,26.4,1
90.4,93.3,21.4,1
89.4,93.4,21.7,1
93.2,92.7,21.6,1
94.9,94.3,27.9,1
89.8,93.5,19.0,1
92.7,92.8,12.8,1
91.5,93.5,22.8,1
93.0,93.3,23.4,1
93.3,93.0,21.7,1
95.8,93.2,21.5,1
92.6,93.0,19.0,1
92.8,92.8,20.5,1
90.9,93.1,24.1,1
92.0,92.0,24.1,1
92.8,92.5,24.9,1
89.8,93.5,20.8,1
88.0,93.1,19.0,1
91.5,92.6,20.3,1
91.7,92.0,27.3,1
92.2,92.6,15.2,1
94.3,92.3,21.5,1
91.6,92.6,15.3,1
91.6,92.9,22.0,1
91.3,92.8,25.2,1
89.6,92.8,15.9,1
90.8,92.9,17.9,1
90.5,93.4,25.2,1
89.1,92.0,23.6,1
92.5,93.5,23.6,1
93.7,92.2,23.0,1
90.6,93.4,22.6,1
91.5,93.1,31.6,1
92.8,92.9,18.2,1
93.4,91.9,20.4,1
93.4,93.5,11.3,1
92.7,93.3,19.1,1
93.0,92.2,15.6,1
89.7,92.3,15.3,1
93.7,92.2,17.8,1
92.6,92.5,17.5,1
91.4,92.6,25.4,1
93.8,92.2,19.4,1
89.5,92.4,18.0,1
91.7,92.1,17.9,1
95.6,93.0,15.3,1
92.7,92.2,24.0,1
94.0,92.4,22.6,1
92.6,93.1,19.8,1
92.1,92.2,26.0,1
93.0,92.8,16.6,1
92.4,92.6,15.4,1
95.6,92.5,15.3,1
93.8,92.0,21.4,1
97.8,92.1,22.3,1
94.1,92.2,18.7,1
92.4,92.4,18.1,1
92.3,92.7,20.0,1
93.7,92.8,10.3,1
96.7,91.7,20.5,1
80.3,94.7,81.3,0
75.4,94.6,77.6,0
80.5,95.4,83.4,0
79.2,95.8,80.0,0
73.4,95.4,83.9,0
77.0,96.0,80.1,0
81.3,95.6,87.4,0
77.1,96.6,73.3,0
77.3,95.6,80.1,0
79.3,96.0,85.5,0
75.6,95.4,79.5,0
76.8,95.7,74.6,0
79.3,95.6,86.6,0
76.9,96.1,82.2,0
75.3,96.0,89.1,0
77.4,96.3,82.9,0
77.6,95.9,82.2,0
78.5,95.2,80.7,0
76.6,95.6,85.9,0
75.5,95.1,83.4,0
74.1,94.9,84.0,0
77.3,96.1,77.2,0
74.2,95.3,78.1,0
74.4,96.0,77.1,0
77.4,95.9,81.4,0
78.0,95.7,80.4,0
77.5,94.7,82.7,0
77.3,96.2,73.0,0
76.4,95.3,83.2,0
74.2,95.4,82.1,0
75.8,95.4,84.0,0
78.9,96.2,83.7,0
76.6,95.8,76.2,0
77.4,95.6,77.3,0
78.3,96.5,81.5,0
80.7,95.6,70.3,0
78.5,95.5,78.1,0
73.6,95.5,72.0,0
76.2,95.7,79.9,0
79.6,96.3,71.4,0
78.3,96.0,79.0,0
77.1,96.0,76.0,0
76.8,96.5,76.0,0
75.1,95.9,73.9,0
73.7,95.8,86.8,0
77.1,96.0,68.9,0
78.0,96.0,76.2,0
77.5,96.0,74.2,0
77.8,96.6,78.4,0
75.4,95.9,83.8,0
74.7,96.3,76.1,0
77.7,95.7,76.7,0
80.2,95.3,82.0,0
80.7,96.3,72.9,0
74.6,95.6,80.3,0
77.7,95.4,75.2,0
75.6,95.9,89.5,0
75.4,95.5,73.9,0
78.5,96.0,75.1,0
76.5,95.6,81.0,0
82.6,96.3,79.1,0
75.9,95.3,83.2,0
78.6,95.8,85.6,0
77.3,96.4,81.0,0
76.9,95.5,78.8,0
79.0,95.8,81.8,0
75.1,96.4,81.1,0
74.9,95.9,84.2,0
74.8,95.5,79.2,0
81.6,95.7,82.1,0
77.8,95.8,80.4,0
76.4,95.9,71.3,0
77.3,96.5,79.9,0
79.5,96.4,79.3,0
76.1,95.8,72.2,0
76.8,96.1,88.2,0
78.4,95.6,72.4,0
77.0,96.5,78.5,0
78.5,96.0,83.2,0
74.2,96.9,74.0,0
79.0,96.0,79.0,0
76.9,96.2,81.9,0
79.5,96.8,81.3,0
80.8,96.1,85.0,0
78.3,95.8,80.5,0
78.4,96.1,81.7,0
79.2,96.1,64.9,0
80.8,96.0,75.5,0
75.2,96.0,76.8,0
76.0,95.8,82.3,0
81.5,96.5,85.2,0
76.7,96.2,81.8,0
76.2,95.9,83.9,0
79.7,96.2,73.7,0
76.9,95.4,80.0,0
78.0,96.0,80.9,0
78.3,96.3,73.6,0
77.0,96.4,87.5,0
77.0,96.4,84.0,0
77.1,96.7,85.7,0
86.9,96.0,79.1,1
85.4,95.5,61.2,1
87.2,95.2,70.8,1
93.5,96.4,64.7,1
88.8,95.9,70.1,1
88.1,95.7,65.1,1
85.7,95.6,72.3,1
86.4,95.1,71.3,1
89.6,95.4,79.8,1
86.5,95.6,69.9,1
89.1,95.1,81.2,1
84.6,96.3,72.0,1
89.1,96.1,75.8,1
86.6,95.7,80.8,1
86.3,96.4,73.4,1
87.3,94.9,70.3,1
84.3,95.1,70.0,1
86.1,95.7,70.2,1
87.0,95.2,73.0,1
88.5,95.0,71.9,1
88.3,94.7,69.7,1
89.6,95.6,70.0,1
89.8,94.8,66.4,1
88.0,96.0,71.9,1
88.0,96.0,69.6,1
93.1,95.0,65.9,1
88.3,95.1,66.9,1
93.9,95.3,73.2,1
87.8,94.9,76.0,1
85.4,94.6,69.6,1
91.5,95.0,72.9,1
88.9,95.8,62.8,1
90.4,95.0,75.3,1
87.3,95.1,70.1,1
87.0,94.4,67.7,1
89.3,94.7,68.9,1
85.3,94.9,75.7,1
90.5,95.0,71.7,1
87.5,95.8,80.8,1
89.5,96.3,67.0,1
86.8,94.6,69.3,1
93.9,94.8,66.0,1
87.5,95.5,75.3,1
88.4,94.0,64.6,1
92.9,95.3,70.5,1
93.2,95.9,70.0,1
89.5,94.6,68.7,1
86.6,94.1,61.5,1
91.8,94.1,79.8,1
88.2,95.7,68.2,1
86.6,95.5,77.0,1
87.9,94.7,65.4,1
89.5,94.9,68.1,1
86.2,94.5,73.4,1
89.5,94.6,65.2,1
88.7,95.5,64.1,1
91.4,94.8,71.0,1
88.5,94.6,69.7,1
89.0,94.9,71.9,1
94.4,94.8,60.0,1
92.5,94.6,79.6,1
93.1,94.4,73.1,1
89.0,94.7,72.9,1
92.5,95.1,69.8,1
95.3,94.4,61.4,1
87.5,95.3,69.0,1
90.7,94.3,67.1,1
88.9,94.8,68.8,1
91.4,94.7,67.1,1
87.6,93.8,84.3,1
93.5,95.2,65.8,1
90.6,94.1,62.6,1
89.5,95.2,73.3,1
88.8,94.3,72.8,1
89.6,94.5,71.0,1
91.6,94.6,65.7,1
89.7,93.9,61.1,1
90.7,94.8,62.0,1
91.5,94.8,59.7,1
90.4,95.2,71.6,1
87.3,94.7,65.0,1
92.4,94.0,68.4,1
90.0,94.4,65.8,1
90.7,93.7,71.1,1
91.5,93.5,73.6,1
90.9,94.4,72.4,1
91.9,94.9,67.0,1
93.4,94.3,71.0,1
92.2,94.9,72.0,1
90.5,93.9,68.1,1
89.9,93.7,57.7,1
88.4,95.2,65.0,1
95.4,94.4,68.0,1
88.6,94.2,77.7,1
94.7,94.3,62.4,1
89.8,93.7,74.5,1
95.0,94.2,66.6,1
94.9,93.6,68.3,1
92.7,93.7,64.8,1
90.4,94.8,77.6,1
59.6,96.0,68.7,0
59.8,95.8,73.5,0
56.9,96.8,70.4,0
61.6,96.4,66.1,0
58.6,95.5,68.4,0
61.8,95.7,72.7,0
55.7,95.8,75.5,0
60.1,95.6,66.4,0
54.4,95.5,74.9,0
59.2,95.8,58.0,0
57.2,96.6,72.7,0
57.8,95.7,69.5,0
58.0,95.0,68.9,0
61.6,96.3,74.0,0
57.3,96.0,68.3,0
60.2,95.9,66.3,0
54.4,96.6,71.3,0
57.5,96.2,67.4,0
59.6,95.6,72.3,0
58.8,95.5,75.3,0
60.1,95.9,73.1,0
59.1,95.8,71.2,0
57.3,96.1,65.9,0
62.1,96.3,71.7,0
57.2,95.9,63.7,0
60.4,94.8,61.9,0
62.8,96.2,67.9,0
58.6,95.4,70.6,0
59.7,96.8,68.7,0
60.6,95.3,67.8,0
60.8,95.8,67.2,0
61.1,96.7,70.3,0
62.7,96.3,75.0,0
59.2,95.9,68.6,0
61.5,96.4,70.2,0
62.2,95.7,74.0,0
62.5,96.3,70.3,0
61.9,95.5,70.6,0
61.1,95.3,72.0,0
58.0,95.7,69.8,0
59.0,96.0,69.9,0
58.8,96.2,65.8,0
65.0,95.9,63.7,0
58.5,96.5,67.6,0
57.7,96.4,67.5,0
61.8,96.4,71.0,0
65.3,95.1,65.5,0
59.9,97.1,78.6,0
63.0,95.5,66.2,0
58.8,95.5,77.1,0
60.0,95.9,73.5,0
57.1,95.9,64.1,0
59.9,95.6,66.4,0
60.9,96.0,68.5,0
61.2,95.5,73.0,0
60.1,95.7,65.6,0
60.0,96.8,69.3,0
58.2,96.4,67.2,0
61.0,95.6,76.0,0
59.3,96.6,64.3,0
59.9,96.6,70.4,0
65.0,95.8,70.9,0
64.3,95.1,61.4,0
58.9,96.3,61.5,0
61.7,96.2,79.6,0
62.6,96.1,76.4,0
61.6,95.7,63.8,0
59.3,95.9,70.4,0
56.2,95.8,69.7,0
61.6,96.7,70.5,0
58.7,95.0,73.0,0
58.8,96.3,76.5,0
57.4,96.2,76.0,0
62.5,94.8,65.3,0
57.9,96.1,71.6,0
55.1,95.7,73.5,0
60.8,95.9,67.7,0
58.4,95.9,69.8,0
61.7,96.2,70.0,0
62.7,95.7,62.3,0
61.5,95.9,72.0,0
58.0,96.7,73.1,0
59.9,95.4,74.9,0
58.3,97.0,66.5,0
64.0,95.8,77.4,0
59.0,95.9,73.6,0
61.8,96.4,67.1,0
60.7,96.5,66.0,0
61.7,95.7,70.6,0
60.7,95.4,68.2,0
60.8,95.8,77.4,0
62.5,96.0,65.7,0
58.9,96.8,64.5,0
60.8,96.0,68.0,0
58.5,95.4,66.8,0
59.1,96.5,69.5,0
59.5,95.9,72.8,0
59.8,96.3,63.2,0
62.9,95.8,69.3,0
59.1,95.2,61.2,0
63.9,96.6,60.7,0
68.1,95.3,50.2,0
65.5,95.9,58.7,0
64.6,96.9,59.6,0
66.3,95.9,53.9,0
63.6,95.3,61.8,0
65.7,95.9,60.9,0
62.9,95.2,59.4,0
61.7,96.0,55.4,0
65.0,96.5,57.3,0
65.3,95.7,55.9,0
61.2,96.9,47.4,0
63.6,95.4,50.7,0
64.3,95.8,60.1,0
64.8,95.9,53.7,0
66.8,96.5,48.7,0
63.0,96.3,56.1,0
62.2,96.5,49.9,0
67.0,96.4,48.7,0
63.3,95.8,55.1,0
64.0,95.5,47.4,0
65.5,96.2,54.8,0
64.9,95.8,55.2,0
69.5,96.7,52.9,0
63.4,94.7,59.6,0
66.0,95.8,47.1,0
62.1,96.3,53.8,0
65.9,96.1,59.1,0
65.2,96.5,43.8,0
62.0,95.9,59.7,0
68.3,96.0,51.2,0
60.6,96.5,51.5,0
70.5,95.7,64.8,0
66.1,95.6,55.4,0
66.1,96.0,58.4,0
66.2,96.4,54.2,0
62.2,96.1,55.1,0
60.9,96.2,53.7,0
62.0,95.9,52.7,0
68.5,96.2,59.4,0
64.4,95.2,57.6,0
63.3,95.9,48.9,0
64.8,96.6,58.9,0
67.9,97.0,44.0,0
62.3,95.2,57.4,0
63.3,95.9,53.1,0
65.5,95.4,47.9,0
64.7,96.7,54.1,0
63.2,95.0,58.9,0
63.3,95.5,45.6,0
61.9,95.6,53.0,0
62.4,96.2,52.9,0
69.3,95.2,55.0,0
65.2,95.6,54.6,0
66.4,96.2,61.1,0
60.5,95.7,61.5,0
66.7,96.4,60.3,0
61.0,96.5,59.4,0
63.6,97.4,55.1,0
60.5,96.3,50.5,0
67.2,96.4,51.1,0
67.9,96.6,50.0,0
64.6,96.4,52.3,0
64.3,96.1,48.8,0
60.5,96.2,44.1,0
63.0,95.2,45.8,0
65.8,96.0,52.8,0
62.4,95.8,55.9,0
64.9,96.5,58.9,0
64.5,95.2,50.3,0
64.9,95.7,48.8,0
65.2,97.3,51.6,0
65.1,95.5,60.3,0
66.8,96.5,60.8,0
64.2,96.0,62.6,0
66.4,95.0,56.3,0
64.0,96.6,56.1,0
61.7,96.2,55.1,0
65.9,96.4,61.5,0
66.0,96.1,59.7,0
69.7,96.6,55.0,0
66.1,96.2,54.1,0
69.5,95.7,59.8,0
65.0,95.4,53.0,0
64.1,96.4,54.4,0
63.2,96.9,59.4,0
68.4,96.2,53.8,0
66.7,95.8,54.6,0
64.9,95.4,54.6,0
64.4,96.0,55.8,0
67.9,95.7,52.3,0
63.8,95.7,51.0,0
65.0,96.4,55.5,0
63.2,96.8,58.6,0
63.6,96.7,55.6,0
65.1,96.3,53.8,0
66.5,96.2,52.2,0
61.4,96.4,52.0,0
67.0,96.4,52.2,0
67.5,96.2,54.7,0
59.4,94.9,22.9,0
57.9,94.0,24.8,0
56.2,95.6,30.3,0
60.1,95.8,22.4,0
63.6,94.9,10.7,0
60.3,96.0,25.2,0
59.4,95.3,27.4,0
60.3,96.5,20.0,0
62.5,95.6,19.1,0
59.6,95.7,23.3,0
61.2,94.4,25.9,0
61.1,95.2,24.4,0
59.7,94.9,21.4,0
59.6,96.3,27.2,0
58.6,96.2,20.5,0
60.6,95.6,12.8,0
60.1,94.9,23.7,0
61.3,95.2,22.0,0
62.7,95.3,22.9,0
60.9,96.1,23.5,0
59.6,94.2,15.5,0
59.7,95.2,19.9,0
61.4,94.9,18.1,0
61.9,95.9,17.1,0
61.2,94.3,15.3,0
59.5,95.8,18.8,0
59.1,95.2,22.9,0
59.2,96.2,21.4,0
61.0,95.0,24.9,0
63.2,96.1,18.9,0
63.0,95.5,27.6,0
60.6,95.1,27.4,0
62.7,96.0,23.7,0
60.6,94.0,14.7,0
60.0,94.7,26.8,0
58.2,95.0,20.4,0
63.3,94.9,25.0,0
61.3,95.7,27.0,0
60.8,94.4,21.6,0
60.9,95.4,19.1,0
63.2,95.3,18.2,0
60.0,96.2,26.1,0
63.0,94.7,19.3,0
59.6,95.4,21.9,0
60.0,95.1,18.8,0
60.6,95.8,15.2,0
61.7,96.0,21.9,0
59.9,95.7,17.9,0
61.0,94.8,13.5,0
60.7,94.6,22.8,0
63.3,96.2,23.3,0
63.1,95.5,20.9,0
57.2,96.1,17.6,0
63.8,95.6,18.0,0
61.7,96.4,30.5,0
60.1,94.9,23.4,0
60.8,95.9,26.6,0
57.8,95.5,22.0,0
61.2,95.4,28.9,0
63.1,94.9,22.6,0
60.3,94.5,22.3,0
64.9,94.4,22.8,0
61.1,95.4,18.1,0
58.4,94.6,29.6,0
59.3,95.1,33.4,0
59.8,95.5,28.2,0
63.3,94.6,19.4,0
61.9,96.3,19.1,0
60.3,95.5,26.0,0
62.7,94.9,20.3,0
61.7,96.0,21.8,0
61.3,94.8,32.3,0
61.6,95.9,23.1,0
61.5,94.6,12.2,0
63.9,95.4,24.0,0
58.9,94.9,28.3,0
64.9,95.0,26.3,0
61.8,95.3,32.2,0
60.5,96.0,24.9,0
61.4,96.0,24.5,0
61.3,96.0,29.3,0
63.9,93.4,25.2,0
61.9,95.3,26.1,0
62.0,95.7,21.7,0
64.5,95.7,25.7,0
62.5,95.9,28.1,0
61.3,95.9,23.9,0
65.4,95.9,19.9,0
66.2,94.3,26.2,0
60.2,96.3,24.3,0
60.0,95.2,19.5,0
61.0,95.2,19.3,0
62.2,95.6,18.1,0
58.3,95.5,25.7,0
63.1,95.7,30.9,0
63.6,96.7,38.6,0
58.2,94.3,23.1,0
62.7,95.3,26.6,0
61.2,95.0,20.4,0
61.3,95.8,20.7,0
86.7,97.6,43.1,0
89.8,97.7,43.8,0
81.2,98.5,32.1,0
87.9,97.5,36.0,0
84.4,97.9,45.5,0
85.8,99.0,34.4,0
89.0,97.2,34.9,0
85.0,98.8,37.3,0
81.9,97.3,31.3,0
87.9,98.4,34.9,0
85.0,98.3,30.7,0
87.0,98.2,35.0,0
86.9,98.0,38.8,0
83.5,98.3,41.5,0
86.8,98.3,35.8,0
88.0,98.0,30.6,0
87.8,97.1,37.8,0
85.4,97.7,37.2,0
84.8,98.2,36.6,0
85.0,98.6,37.4,0
87.5,98.6,43.3,0
87.4,97.8,29.2,0
86.7,98.5,38.1,0
79.4,98.3,41.0,0
85.7,98.4,39.5,0
85.0,98.5,30.0,0
86.2,97.8,32.2,0
87.0,98.5,42.6,0
87.8,97.0,29.6,0
86.7,97.9,33.8,0
90.2,97.9,39.0,0
88.4,97.9,49.3,0
84.6,97.6,31.6,0
89.6,98.3,33.6,0
84.8,98.6,38.1,0
89.3,97.8,38.9,0
87.1,97.5,35.6,0
84.2,98.1,40.1,0
88.5,98.2,35.7,0
89.7,98.3,43.2,0
89.5,97.8,38.2,0
88.2,97.3,30.7,0
84.0,97.8,34.6,0
83.8,97.9,35.8,0
89.0,98.8,38.6,0
85.3,98.1,36.3,0
86.2,97.4,34.0,0
86.3,98.2,38.8,0
90.4,98.1,38.4,0
86.1,97.3,33.4,0
85.4,96.5,31.2,0
90.0,98.0,34.4,0
87.6,96.8,37.7,0
89.4,97.7,27.4,0
86.0,98.4,37.6,0
84.0,99.0,30.0,0
86.4,97.2,31.1,0
86.0,98.1,42.7,0
86.1,97.3,38.7,0
87.9,97.9,37.6,0
86.7,97.8,35.4,0
89.1,98.9,37.2,0
86.9,97.9,33.0,0
88.5,98.0,34.2,0
88.8,97.7,31.4,0
87.7,97.8,41.1,0
88.7,97.7,33.9,0
87.0,97.9,38.7,0
87.6,97.7,41.2,0
85.7,98.9,40.1,0
84.8,97.8,40.1,0
86.4,96.9,31.0,0
88.2,96.8,29.0,0
88.2,97.6,32.8,0
86.2,96.9,38.7,0
85.5,97.4,38.0,0
86.7,97.3,26.3,0
87.9,97.7,33.6,0
85.1,97.7,38.6,0
87.4,98.5,39.8,0
87.0,98.0,36.5,0
87.4,98.3,31.7,0
87.3,98.2,37.8,0
86.6,96.8,24.9,0
91.5,97.8,33.3,0
88.0,97.2,34.6,0
85.5,96.9,25.7,0
84.2,98.1,31.3,0
88.4,98.1,36.3,0
86.8,97.7,34.1,0
89.8,98.5,43.5,0
83.1,97.4,36.2,0
88.4,96.7,27.5,0
90.1,97.3,28.8,0
85.3,97.8,32.1,0
88.0,97.1,27.5,0
90.4,97.8,34.5,0
86.5,98.3,39.2,0
89.8,97.3,36.4,0
88.4,97.3,35.7,0
67.3,95.2,78.9,0
69.2,95.2,73.2,0
67.6,95.2,83.8,0
68.6,95.5,71.5,0
69.4,95.2,72.9,0
69.5,95.7,63.6,0
67.6,95.5,74.4,0
68.2,94.6,61.9,0
65.9,95.6,60.0,0
66.1,94.5,74.9,0
71.7,95.4,75.5,0
69.5,95.5,75.0,0
69.6,95.7,77.5,0
67.5,95.3,80.6,0
67.1,96.1,70.8,0
70.6,95.7,71.2,0
68.7,95.1,76.2,0
66.7,95.4,80.7,0
68.7,94.9,70.7,0
68.2,95.6,72.6,0
70.8,95.8,72.8,0
66.2,95.3,74.3,0
70.1,95.9,76.1,0
68.9,95.8,76.2,0
68.4,95.7,78.4,0
66.0,95.1,74.5,0
66.1,94.7,79.3,0
68.2,94.7,74.7,0
67.1,95.5,70.5,0
64.7,95.7,68.2,0
67.0,95.2,75.3,0
67.9,96.2,67.9,0
69.1,94.1,82.8,0
63.3,96.6,73.9,0
69.9,95.9,73.7,0
66.6,95.0,79.8,0
66.5,95.0,78.5,0
65.5,95.2,76.4,0
66.0,95.1,83.5,0
66.8,95.2,74.9,0
68.1,94.8,77.9,0
67.7,94.5,84.8,0
70.1,95.0,70.2,0
67.6,94.6,82.6,0
66.2,96.2,71.6,0
66.9,96.0,74.1,0
67.7,95.9,73.0,0
64.6,94.6,78.6,0
67.9,95.9,74.3,0
64.2,94.2,90.0,0
68.1,95.4,77.1,0
64.2,94.9,84.4,0
68.3,94.9,69.5,0
66.0,95.2,85.9,0
66.6,94.7,75.4,0
67.5,94.7,77.7,0
69.3,95.4,71.7,0
65.9,94.5,75.0,0
67.5,94.8,85.3,0
68.5,94.4,66.7,0
64.9,96.1,80.1,0
70.1,95.3,74.5,0
64.3,95.5,74.6,0
66.3,96.1,74.9,0
69.4,94.5,89.0,0
66.0,95.6,79.9,0
65.7,95.7,79.9,0
65.3,94.9,75.8,0
66.5,96.0,79.0,0
66.5,95.6,65.3,0
65.4,95.4,81.1,0
67.0,96.0,79.8,0
65.6,95.2,77.5,0
65.7,96.0,69.9,0
67.2,95.6,73.9,0
65.5,95.2,79.5,0
65.5,94.7,81.2,0
67.3,95.7,79.2,0
70.9,95.8,71.8,0
67.4,94.9,73.2,0
63.6,95.1,78.1,0
66.3,94.7,67.8,0
70.7,95.4,71.3,0
67.3,96.3,78.5,0
60.8,96.5,66.1,0
66.0,94.6,71.7,0
66.9,94.2,74.9,0
68.6,94.8,68.4,0
66.0,95.0,72.4,0
63.9,95.4,78.3,0
64.1,94.7,76.0,0
64.3,95.3,82.7,0
66.1,94.6,77.3,0
65.9,95.1,77.7,0
67.6,95.2,75.0,0
70.3,95.8,79.4,0
66.4,94.7,80.9,0
66.4,94.9,74.0,0
64.2,95.7,78.7,0
66.5,95.1,71.8,0
87.7,96.5,68.2,0
84.8,97.4,69.4,0
85.2,96.1,64.4,0
87.1,95.9,75.6,0
85.9,96.5,64.8,0
88.7,97.6,68.3,0
85.1,96.6,69.6,0
83.5,96.9,78.0,0
84.7,96.4,62.1,0
85.1,96.5,70.2,0
81.6,97.3,63.7,0
84.9,96.8,77.6,0
85.2,97.9,71.8,0
87.7,96.8,70.7,0
87.3,97.4,71.7,0
84.2,96.9,74.7,0
87.5,96.6,65.3,0
83.0,97.4,64.4,0
86.5,97.2,66.3,0
88.0,96.2,77.3,0
85.5,95.9,77.0,0
86.8,96.7,64.2,0
81.7,98.2,64.5,0
82.3,97.1,60.9,0
82.8,97.5,71.4,0
84.0,97.0,66.9,0
84.7,96.6,66.2,0
83.6,96.6,74.3,0
86.3,96.5,63.1,0
84.5,98.1,64.0,0
84.5,97.0,68.6,0
83.9,97.6,71.4,0
86.5,97.3,73.6,0
87.9,97.7,80.8,0
87.2,96.7,73.4,0
86.2,98.0,64.3,0
85.9,96.7,71.7,0
84.3,97.3,62.1,0
86.3,97.1,70.0,0
88.7,96.8,70.9,0
85.0,97.1,80.3,0
84.9,96.8,78.6,0
84.1,96.2,65.5,0
82.3,96.1,67.4,0
84.6,97.6,72.4,0
85.9,96.6,73.7,0
87.5,97.3,71.4,0
82.2,97.6,78.2,0
85.4,96.8,68.5,0
83.9,96.9,72.5,0
85.3,97.6,71.1,0
83.0,96.8,66.5,0
84.3,98.0,79.1,0
86.4,97.1,62.5,0
85.1,96.7,77.5,0
81.5,97.3,65.0,0
84.7,97.4,74.4,0
84.6,97.5,66.0,0
85.2,97.6,71.0,0
83.6,97.0,74.4,0
82.5,96.6,72.4,0
83.8,96.4,76.1,0
82.5,97.0,66.3,0
84.1,96.7,73.0,0
84.9,97.6,66.4,0
88.9,96.2,61.5,0
88.2,97.4,71.1,0
85.5,97.4,70.9,0
82.7,97.5,72.7,0
87.5,98.0,71.1,0
82.2,98.0,64.4,0
85.3,97.0,67.3,0
86.2,97.3,72.0,0
83.0,97.1,65.6,0
84.2,97.1,78.7,0
84.1,96.1,76.5,0
85.5,97.1,67.3,0
82.7,98.1,69.8,0
81.2,97.3,75.5,0
84.9,96.7,64.6,0
82.8,97.9,69.2,0
81.3,97.4,70.2,0
83.7,96.7,64.2,0
86.8,97.3,71.9,0
85.1,97.4,67.2,0
84.2,97.8,76.6,0
82.2,97.1,73.8,0
88.4,98.1,65.6,0
87.1,97.2,74.8,0
86.2,96.6,72.3,0
86.6,97.2,68.4,0
81.4,97.6,70.7,0
82.7,97.1,70.4,0
83.5,97.2,60.9,0
87.3,97.2,64.1,0
79.7,97.7,72.4,0
85.0,97.7,74.0,0
85.0,97.1,67.6,0
85.4,97.9,69.1,0
87.5,97.4,71.6,0
94.0,97.7,51.0,1
99.1,97.0,65.4,1
99.4,98.7,51.3,1
101.4,96.6,57.4,1
97.1,97.3,53.7,1
96.6,96.9,54.1,1
98.6,98.1,57.7,1
100.8,96.7,54.0,1
99.9,97.6,51.9,1
100.3,97.2,52.2,1
99.5,97.5,53.5,1
97.4,96.9,54.1,1
100.7,97.6,60.8,1
99.6,97.1,47.8,1
96.7,97.1,52.2,1
100.5,97.9,67.0,1
97.1,98.2,63.8,1
98.1,97.6,62.1,1
98.5,97.3,52.7,1
93.9,97.4,52.2,1
96.5,97.6,48.5,1
100.3,97.6,53.7,1
98.6,96.7,59.4,1
99.1,97.4,58.2,1
97.5,96.5,60.4,1
100.1,97.0,57.6,1
101.3,97.9,52.7,1
95.8,96.6,54.0,1
101.7,96.9,52.5,1
97.6,97.0,55.4,1
96.3,97.8,54.7,1
103.8,96.6,63.3,1
101.7,97.0,53.4,1
97.1,96.8,55.3,1
99.0,96.4,66.7,1
98.4,97.2,52.1,1
98.4,97.0,55.2,1
99.0,97.6,56.3,1
100.4,97.2,56.3,1
98.5,97.7,56.7,1
98.7,97.0,54.5,1
99.1,97.1,52.2,1
100.6,97.5,63.9,1
97.9,97.4,45.4,1
100.8,96.4,50.0,1
99.8,96.8,51.1,1
98.2,97.4,50.2,1
99.1,96.9,58.9,1
100.9,96.1,60.0,1
98.0,97.2,50.1,1
100.0,98.3,55.4,1
98.3,96.9,47.3,1
102.2,97.2,49.4,1
97.3,97.0,59.3,1
97.0,97.5,54.1,1
97.5,96.7,63.3,1
96.6,96.6,59.3,1
99.8,96.6,59.3,1
101.4,97.1,51.4,1
98.5,97.1,47.9,1
102.1,97.8,53.2,1
100.1,97.5,64.1,1
102.6,96.0,52.7,1
100.5,96.6,63.2,1
102.8,96.5,53.4,1
98.0,96.8,53.1,1
101.4,96.4,41.1,1
96.3,96.3,50.9,1
99.9,96.3,48.1,1
97.7,96.3,51.3,1
98.4,97.2,49.1,1
98.9,96.5,58.0,1
99.3,97.3,48.2,1
99.6,96.5,47.8,1
99.5,97.6,49.6,1
99.4,96.1,46.6,1
98.1,96.5,51.8,1
99.3,95.9,50.7,1
100.8,96.1,52.0,1
100.4,96.3,55.4,1
96.8,97.2,55.5,1
99.9,97.3,52.0,1
98.6,97.4,62.8,1
98.5,96.6,58.8,1
99.7,97.0,57.5,1
98.8,96.9,53.5,1
97.5,96.2,50.2,1
101.8,97.1,57.2,1
100.8,96.8,54.8,1
100.8,96.9,46.4,1
98.4,96.1,58.9,1
103.3,95.5,61.1,1
100.2,97.1,55.8,1
102.9,96.7,46.4,1
99.8,96.8,52.1,1
101.4,96.5,50.2,1
97.9,96.4,54.2,1
96.2,96.1,43.1,1
98.9,97.1,47.1,1
101.6,97.9,60.3,1
64.5,96.2,70.5,0
65.3,96.1,65.5,0
66.1,96.2,67.5,0
66.9,96.7,73.1,0
63.5,96.2,65.2,0
65.7,95.7,76.1,0
67.1,96.7,75.0,0
64.9,95.9,78.4,0
65.1,95.5,74.7,0
65.7,96.9,70.9,0
65.4,96.9,62.0,0
64.2,95.7,58.7,0
67.1,95.9,74.2,0
66.1,96.5,67.4,0
63.8,96.2,74.3,0
65.2,95.8,63.7,0
65.7,95.9,69.3,0
64.8,96.0,71.1,0
66.4,97.2,73.4,0
68.4,95.8,61.6,0
65.2,96.6,73.1,0
67.6,94.9,75.9,0
65.9,95.4,73.2,0
65.5,96.4,74.6,0
66.0,95.4,68.9,0
61.9,96.5,76.6,0
62.6,95.9,65.2,0
64.2,96.4,67.4,0
66.4,96.7,75.1,0
62.8,96.9,76.9,0
68.1,96.1,65.8,0
63.0,95.6,69.6,0
66.7,96.9,67.1,0
64.9,96.1,66.4,0
66.4,96.4,70.2,0
65.7,96.5,72.6,0
63.2,96.7,70.8,0
64.0,96.3,71.2,0
67.0,95.7,76.1,0
64.9,96.0,66.8,0
62.8,95.3,72.9,0
68.8,95.4,64.7,0
66.3,96.2,73.7,0
64.6,95.9,68.4,0
60.0,95.6,74.2,0
67.1,96.9,71.7,0
60.2,95.9,76.1,0
68.0,96.9,68.3,0
62.1,96.2,69.5,0
67.8,96.3,69.5,0
64.8,96.4,72.6,0
63.2,95.7,76.3,0
61.3,97.0,59.9,0
63.4,96.7,69.4,0
61.9,96.4,69.8,0
64.1,95.9,69.2,0
63.4,97.5,68.2,0
63.8,96.0,78.3,0
61.2,96.4,68.2,0
61.6,95.8,71.0,0
62.7,96.4,78.0,0
64.8,95.5,65.1,0
63.8,96.1,70.1,0
65.0,97.1,69.3,0
62.1,96.8,75.7,0
64.8,96.1,72.5,0
63.9,95.2,72.2,0
66.1,97.0,65.7,0
64.7,96.4,69.8,0
64.5,96.3,70.4,0
65.7,96.9,65.5,0
63.9,96.0,66.5,0
61.0,96.3,71.7,0
63.9,96.3,71.4,0
67.0,96.1,63.4,0
64.0,97.2,63.5,0
65.4,96.8,57.5,0
64.9,96.6,67.9,0
62.8,96.0,67.6,0
63.5,96.0,67.5,0
66.4,95.7,60.5,0
66.5,96.2,67.3,0
63.8,96.4,66.6,0
65.0,95.8,67.7,0
59.5,96.9,68.4,0
65.3,96.5,72.0,0
63.9,96.5,64.4,0
61.6,96.2,65.8,0
66.8,96.5,65.6,0
63.3,96.4,68.9,0
64.4,96.3,62.2,0
59.5,96.1,72.0,0
63.1,96.9,69.0,0
66.5,96.9,74.4,0
61.4,96.3,75.3,0
64.3,96.6,62.2,0
67.6,95.9,59.2,0
63.0,95.1,63.7,0
68.8,96.1,62.0,0
63.7,95.9,73.5,0
